BIBLIOTECA;;;;;;;
GENERE;TITOLO;AUTORE;CASA EDITRICE;ANNO;LUOGO;;
ARTE;Grande manuale delle tecniche d'arte;Ettore Maiotti;RCS Libri;1993;SALA;;
ARTE;Restauri;Luciano Pierini;Chiaruccia Fano;2009;SALA;;
ARTE;The art book;Vari;Mondadori Editore;1998;SALA;;
ARTE;La Storia dell'Arte;E.H. Gombrich;Einaudi Editore;1993;SALA;;
ARTE;Davanti all'Immagine;Vittorio Sgarbi;Rizzoli Editore;1990;SALA;;
ARTE;Caravaggio;Vari;Rizzoli Editore;2003;CORRIDOIO;;
ARTE;Leonardo;Enrica Crispino;La biblioteca dell'arte;2005;CORRIDOIO;;
ARTE;Caravaggio;Roberto Longhi;Editori riuniti;1993;CORRIDOIO;;
ARTE;Munch;Eva Di Stefano;Giunti Editore;1990;CORRIDOIO;;
ARTE;Michelangelo;Vari;Giunti Editore;1990;CORRIDOIO;;
ARTE;Impressionismo;Bernard Denvir;Giunti Editore;1990;CORRIDOIO;;
ARTE;Artestoria;Ernesto l. Francalanci;De Agostini Editore;1986;CORRIDOIO;;
ARTE;Arte nel tempo Glossario;De Vecchi-Cerchiari;Bompiani;1995;CORRIDOIO;;
ARTE;Arte nel tempo Vol I;De Vecchi-Cerchiari;Bompiani;1995;CORRIDOIO;;
ARTE;Arte nel tempo Vol II;De Vecchi-Cerchiari;Bompiani;1995;CORRIDOIO;;
ARTE;Michelangelo;Vari;La Repubblica;1988;CORRIDOIO;;
ARTE;Masaccio e Piero;Vari;La Repubblica;1988;CORRIDOIO;;
ARTE;I grandi musei;Vari;La Repubblica;1975;CORRIDOIO;;
ARTE;Canova;Gianni c. Sciolla;De Agostini Editore;1983;CORRIDOIO;;
ARTE;Come si disegna a matita;Francisco Asins;De vecchi Editore;1984;CORRIDOIO;;
ARTE;Opere della collezione di Maria Torlontano;Gino Ginevri;Bcc;2008;CORRIDOIO;;
ARTE;Concorso letterario;Vari;Accademia dei tenebrosi;2010;CORRIDOIO;;
ASTRONOMIA;Guida delle Stelle e dei Pianeti;Ridpath - Tirion;Edizione CDE spa Milano;1998;SALA;;
ASTRONOMIA;Asteroidi;Salvo De Meis;Orione;1992;SALA;;
ASTRONOMIA;Astronomy;Franknoi/Morrison;Openstax;2016;SALA;;
ASTRONOMIA;Stelle cadenti;Gabriele Vanin;Biroma Editore;1999;SALA;;
ASTRONOMIA;Le scienze quaderni Cosmologia;Bianca Melchiorri;Le scienze;1987;SALA;;
ASTRONOMIA;I pianeti della stella sole;Marcello Fulchignoni;Le scienze;1982;SALA;;
ASTRONOMIA;L'universo  ;Michael Rowan Robinson;Zanichelli Editore;1996;SALA;;
ASTRONOMIA;L'universo dal Big Bnag alla fine del tempo;Colin A. Ronan;Mondadori Editore;1992;SALA;;
ASTRONOMIA;L'universo nel terzo millennio;Margherita Hack;Bur Rizzoli;1992;CORRIDOIO;;
ASTRONOMIA;Alla scoperta sel sistema solare;Margherita Hack;Mondadori Editore;1995;SALA;;
ASTRONOMIA;Atlante fotografico dell'universo;Gabriele Vanin;Mondadori Editore;1996;SALA;;
ASTRONOMIA;Il cosmo intelligente;Paul Davies;Mondadori Editore;1989;SALA;;
ASTRONOMIA;Corso di Astronomia Vol 1;Lorenzo Roi;Biblioteca comunale di Monticello Conte Otto;1997;CORRIDOIO;;
ASTRONOMIA;Corso di Astronomia Vol 2;Lorenzo Roi;Biblioteca comunale di Monticello Conte Otto;1998;CORRIDOIO;;
ASTRONOMIA;Extragalactic astronomy and cosmology;Peter Schneider;Spriger;2006;SALA;;
ASTRONOMIA;Dieci anni di comete;Meis-Magni;Orione;1997;SALA;;
ASTRONOMIA;"Comete, Asteroidi; Meteoriti";Vari;Le scienze;1985;SALA;;
ASTRONOMIA;Il pianeta terra;Vari;Le scienze;1989;SALA;;
ASTRONOMIA;Ambienti Planetari;Vari;Le scienze;1987;SALA;;
ASTRONOMIA;L'universo spiegato ai miei nipoti;Hubert Reeves;Dalai editore;2011;CORRIDOIO;;
ASTRONOMIA;Sette brevi lezioni di fisica;Carlo Rovelli;Adelphi eBook;2014;CORRIDOIO;;
ASTRONOMIA;Il nuovo sistema solare vol I;Piero Bianucci;Fabbri Editore;1983;SALA;;
ASTRONOMIA;Il nuovo sistema solare vol II;Piero Bianucci;Fabbri Editore;1983;SALA;;
ASTRONOMIA;Il telescopio costruire o acquistare;Vari;Edizioni scientifiche coelum;2002;CORRIDOIO;;
ASTRONOMIA;L'universo elegante;Brian Green;Einaudi editore;1999;CORRIDOIO;;
ASTRONOMIA;Le costellazioni;Marco Cagnotti;Newton;2000;CORRIDOIO;;
ASTRONOMIA;Dizionario dei termini;vari;Fabbri Editore;1991;CORRIDOIO;;
ATLANTI;Il nuovo atlante De Agostini;Vari;De Agostini Editore;1982;SALA;;
BIOGRAFIA;Pagato per divertirmi;Leandro Leonardi;Etabeta;2022;CORRIDOIO;;
BIOLOGIA;I geni e il nostro futuro;Renato Dulbecco;Edizione CDE spa Milano;1995;SALA;;
BIOLOGIA;L'0rigine dell'uomo;Charles Darwin;Newton;1992;SALA;;
BIOLOGIA;L'anello di re Salomone;Konrad Lorenz;Mondadori Editore;1977;SALA;;
BIOLOGIA;Il libro di biologia;Isaac Asimov;Mondadori Editore;1987;SALA;;
BIOLOGIA;Gli albori della vita;Alessandro Minnelli;Le scienze;1984;SALA;;
BIOLOGIA;Genetica;Giampiero Sironi;Le scienze;1982;SALA;;
BIOLOGIA;Atlante illustrato di Istologia;Fiedler-Lieder;Franco Muzzio Editore;1986;SALA;;
BIOLOGIA;L'altra faccia dello specchio;Konrad Lorenz;Bompiani;1985;SALA;;
BIOLOGIA;La logica del vivente;Francois Jacobs;Einaudi Editore;1990;SALA;;
BIOLOGIA;La straordinaria storia della vita sulla terra;Piero e Alberto Angela;Mondadori Editore;1993;SALA;;
BIOLOGIA;La straordinaria storia dell'uomo;Piero e Alberto Angela;Mondadori Editore;1990;SALA;;
BIOLOGIA;Il progetto della vita;Renato Dulbecco;Mondadori Editore;1988;SALA;;
BIOLOGIA;I fossili e la storia della vita;George Gaylord Simpson;Zanichelli Editore;1990;SALA;;
BIOLOGIA;Lineamenti di scienza della nutrizione;S.Ciangherotti;Ecig;1992;SALA;;
BIOLOGIA;An introdution to Marine Science;Ji Campbell;Willmer Brothers;1978;SALA;;
BIOLOGIA;La biologia contemporanea;Garland E. Allen;Il Mulino;1985;SALA;;
BIOLOGIA;L'apprendimento animale;G.B. Flores D'Arcais;Aldo Martello Editore;1973;SALA;;
BIOLOGIA;Embriologia dei vertebrati;C. Houillon;Casa editrice Ambrosiana;1987;SALA;;
BIOLOGIA;Morfologia dinamca dei vertebrati;<Giuseppe Minelli;Patron Editore;1989;SALA;;
BIOLOGIA;Atlante di anatomia dei vertebrati;Minelli-Del Grande;Piccin Editore Padova;1983;SALA;;
BIOLOGIA;Tecniche di produzione animale;Vari;Liviana Editrice;1985;SALA;;
BIOLOGIA;Citologia Istologia;P. Rosati;Edi-Ermes;1987;SALA;;
BIOLOGIA;Ecologia;Michael Begon;Zanichelli Editore;1989;SALA;;
BIOLOGIA;Anatomia umana;Vari;Edi-Ermes;1989;SALA;;
BIOLOGIA;Io sono qui tu dove sei?;Konrad Lorenz;Mondadori Editore;1989;SALA;;
BIOLOGIA;Il sistema immunitario;Franco Celada;Le scienze;1990;SALA;;
BIOLOGIA;Sviluppo biologico: Morfogenesi;Salvatore Russo Caia;Le scienze;1989;SALA;;
BIOLOGIA;Ormoni: Biologia e clinica;Alberto Angeli;Le scienze;1990;SALA;;
BIOLOGIA;Virus e malattie;Maria Luisa Profeta;Le scienze;1992;SALA;;
BIOLOGIA;Ecosistemi;Giorgio Celli;Le scienze;1990;SALA;;
BIOLOGIA;Inquinamento atmosferico;Vincenzo Ferrara;Le scienze;1991;SALA;;
BIOLOGIA;L'organizzazione della cellula;Vari;Le scienze;1989;SALA;;
BIOLOGIA;Enzimi;Mario Rippa;Le scienze;1988;SALA;;
BIOLOGIA;Difetti genetici;Laura del Senno;Le scienze;1989;SALA;;
BIOLOGIA;La fotobiologia;Giorgio Forti;Le scienze;1989;SALA;;
BIOLOGIA;Polimeri;Mario Farina;Le scienze;1990;SALA;;
BIOLOGIA;DNA e RNA;Vittorio Sgaramella;Le scienze;1991;SALA;;
BIOLOGIA;Ansia e depressione;Vittorino Andreoli;Le scienze;1991;SALA;;
BIOLOGIA;Biologia 1;Vari;Zanichelli Editore;1980;SALA;;
BIOLOGIA;Biologia 2;Vari;Zanichelli Editore;1980;SALA;;
BIOLOGIA;Le meraviglie del corpo umano;Vari;Readers digest;1972;SALA;;
BIOLOGIA;Citologia Istologia;P.Rosati;Edi-Ermes;1989;SALA;;
BIOLOGIA;Dizionario di etologia;Danilo Mainardi;Einaudi Editore;1994;CORRIDOIO;;
BIOLOGIA;Manuale di Igiene;Albano-Salvaggio;Piccin;1987;CORRIDOIO;;
BIOLOGIA;Biologia vegetale e animale;Mazzi-Strigoli;Edagricole;1982;CORRIDOIO;;
BIOLOGIA;Biologia, igiene e mondo inorganico;Mazzi-Strigoli;Edizioni agricole Bologna;1977;CORRIDOIO;;
BIOLOGIA;Lepidotteri dei fruttiferi e della vite;Vari;Edizioni l'informatore agrario;1992;CORRIDOIO;;
BIOLOGIA;The selfish gene;Richard dawkins;Oxford University Press;2016;CAMERA L;;
BIOLOGIA;Biologia e medicina;Vari;Zanichelli Editore;1995;CORRIDOIO;;
BOTANICA;Le piante più comuni e più notevoli;Lino Vaccari;Vincenzo Bona Editore;1936;SALA;;
BOTANICA;Malattie crittogamiche delle piante da frutto;Ivan Ponti;Edizioni l'informatore agrario;1988;SALA;;
BOTANICA;Manuale di agricoltura;Vari;Hoepli Editore;1991;SALA;;
BOTANICA;Fisiologia delle piante;Alpi-Pupillo-Rigano;Società editrice scientifica;1998;SALA;;
BOTANICA;Guida alle esercitazioni di botanica;Calzoni-Speranza;Patron Editore;1985;SALA;;
BOTANICA;Olivo bonsai;Javier Navas;Edizioni SNEV;1992;SALA;;
BOTANICA;Quecia bonsai;Carolina Piris;Edizioni SNEV;1992;SALA;;
BOTANICA;Bonsai;Vari;MP;1991;SALA;;
BOTANICA;Flora D'Italia vol I;Sandro Pignatti;Edagricole;1982;SALA;;
BOTANICA;Flora D'Italia vol II;Sandro Pignatti;Edagricole;1982;SALA;;
BOTANICA;Flora D'Italia vol III;Sandro Pignatti;Edagricole;1982;SALA;;
BOTANICA;Guida pratica per l'impiego degli antiparassitari ;Vari;Federconsorzi;1987;SALA;;
BOTANICA;Florario;Alfredo Cattabiani;Mondadori Editore;1996;CORRIDOIO;;
BOTANICA;Il mondo vegetale;Mazzi-Strigoli;Edagricole;1983;CORRIDOIO;;
BOTANICA;Impariamo a conoscere le malerbe;vari;Siapa;1965;CORRIDOIO;;
BOTANICA;Erbe spontanee e infestanti, tecniche di riconoscimento;Viggiani-Angelini;Edagricole;1993;CORRIDOIO;;
BOTANICA;Le tecniche di coltivazione delle colture agro industriali;Vari;Agronomica;1995;CORRIDOIO;;
BOTANICA;I tuoi fiori, le tue piante;Vari;Bayer;1996;CORRIDOIO;;
BOTANICA;Guida alla potatura;Vari;Cifo;1999;CORRIDOIO;;
BOTANICA;Guida alla potatura;Vari;Cifo;1999;CORRIDOIO;;
BOTANICA;Fiori e piante per vasi e fioriere;Vari;Compo;2004;CORRIDOIO;;
BOTANICA;L'orto senza problemi;Vari;Compo;2002;CORRIDOIO;;
BOTANICA;Manuale per il riconoscimento delle erbe infestanti;vari;Silm;1989;CORRIDOIO;;
BOTANICA;Guida verde;Vari;Cifo;1989;CORRIDOIO;;
BOTANICA;Feromoni nel controllo degli insetti;Vari;Agrimont;1991;CORRIDOIO;;
BOTANICA;L'ABC dei fitofarmaci;Vari;Grapho 5;1999;CORRIDOIO;;
BOTANICA;Diserbanti e loro impiego;Battistino Vercesi;Edagricole;1976;CORRIDOIO;;
BOTANICA;Ricerche floristiche Marche;Vari;Provincia di Pesaro;2006;CORRIDOIO;;
BOTANICA;Piante rocciose;The Royal Horticultural Society;DK;1997;CAMERA L;;
BOTANICA;Piante aromatiche;The Royal Horticultural Society;DK;1998;CAMERA L;;
BOTANICA;Fiori spontanei del mediterraneo;David Burnie;DK;1995;CAMERA L;;
BOTANICA;Erbe;Lesley Bremness;DK;1994;CAMERA L;;
BOTANICA;Erbe che curano;Vari;Demetra;2000;CAMERA L;;
BOTANICA;Perenni;The Royal Horticultural Society;DK;1996;CAMERA L;;
BOTANICA;Alberi da giardino;The Royal Horticultural Society;DK;1998;CAMERA L;;
BOTANICA;Alberi  ;Allen J. Coombes;DK;2003;CAMERA L;;
BOTANICA;Bulbose;The Royal Horticultural Society;DK;1999;CAMERA L;;
BOTANICA;Annuali biennali;The Royal Horticultural Society;DK;1999;CAMERA L;;
BOTANICA;Arbusti Rampicanti;The Royal Horticultural Society;DK;1996;CAMERA L;;
BOTANICA;Che fiore è questo;Vari;Franco Muzzio Editore;1996;CAMERA L;;
BOTANICA;Manuale pratico di lotta antiparassitaria;Vari;SIAPA;1971;CAMERA L;;
BOTANICA;Che albero è questo?;Vari;Franco Muzzio Editore;1997;CAMERA L;;
BOTANICA;Guida dei funghi D'Italia e d?europa;Pandolfi-Ubaldi;Franco Muzzio Editore;1997;CAMERA L;;
BOTANICA;Weeds;Vari;Schering;1989;CAMERA L;;
BOTANICA;Orchidee Spontanee della Provincia di Pesaro e Urbino;Vari;Tipolitografia la Pieve;1997;CAMERA L;;
BOTANICA;Guida alle piante medicinali e all'orto dei semplici;Anzalone-Guarrera;La sapienza;1995;CAMERA L;;
CHIMICA;Chimica;Theodore L. Brown;Zanichelli Editore;1987;SALA;;
CHIMICA;Principi di tecnologia delle industrie agrarie;Corrado Cantarelli;Edagricole;1984;SALA;;
CHIMICA;Introduzione alla chimica;Vari;Masson;1988;SALA;;
CHIMICA;Guida alle esercitazioni di chimica;F. Calabresi;Patron Editore;1983;SALA;;
CHIMICA;Chimica;Theodore L. Brown;Zanichelli Editore;1990;SALA;;
CHIMICA;Principia chimica;Vari;Mondadori Editore;1980;CORRIDOIO;;
CHIMICA;Interpretazione delle analisi;Mario Panero;Siapa;1978;CORRIDOIO;;
CHIMICA;Manuale di chimica agraria;Igino Santoni;Edagricole;1982;CORRIDOIO;;
CHIMICA;Compendio di chimica;Corrado Gizzi;Editrice la scuola;1976;CORRIDOIO;;
CHIMICA;Prontuario dei fitofarmaci;Mario Muccinelli;Edagricole;2004;CORRIDOIO;;
CHIMICA;Elementi di chimica organica;Giovanni D'Arrigo;Zanichelli Editore;1985;CORRIDOIO;;
CHIMICA;Problemi di chimica organica;Giovanni D'Arrigo;Zanichelli Editore;1981;CORRIDOIO;;
CUCINA;La scienza in cucina e l'arte di mangiar bene;Pellegrino Artusi;Giunti Editore;2003;SALA;;
CUCINA;L'inverno a tavola i dolci;Vari;Food editore srl;2008;CORRIDOIO;;
CUCINA;Marchigianando vol 1;Bellesi-Lucchetti;Printing srl Bologna;2007;CORRIDOIO;;
CUCINA;Marchigianando vol 2;Bellesi-Lucchetti;Printing srl Bologna;2007;CORRIDOIO;;
CUCINA;Marchigianando vol 3;Bellesi-Lucchetti;Printing srl Bologna;2007;CORRIDOIO;;
CUCINA;Marchigianando vol 4;Bellesi-Lucchetti;Printing srl Bologna;2007;CORRIDOIO;;
CUCINA;Marchigianando vol 5;Bellesi-Lucchetti;Printing srl Bologna;2007;CORRIDOIO;;
CUCINA;Marchigianando vol 6;Bellesi-Lucchetti;Printing srl Bologna;2007;CORRIDOIO;;
CUCINA;Marchigianando vol 7;Bellesi-Lucchetti;Printing srl Bologna;2007;CORRIDOIO;;
CUCINA;Marchigianando vol 9;Bellesi-Lucchetti;Printing srl Bologna;2007;CORRIDOIO;;
CUCINA;Marchigianando vol 10;Bellesi-Lucchetti;Printing srl Bologna;2007;CORRIDOIO;;
CUCINA;Marchigianando vol 11;Bellesi-Lucchetti;Printing srl Bologna;2007;CORRIDOIO;;
CUCINA;Marchigianando vol 12;Bellesi-Lucchetti;Printing srl Bologna;2007;CORRIDOIO;;
CUCINA;Fungo;Vari;Food editore srl;2009;CORRIDOIO;;
CUCINA;Le ricette di Pappamondo;Vari;Terre di mezzo;2005;CORRIDOIO;;
CUCINA;Ricettario italiano;Vari;Demetra;1994;CORRIDOIO;;
CUCINA;L'arte e il piacere di mangiare bene e sano;Ennio Lazzarini;Pazzini editore;2002;CORRIDOIO;;
CUCINA;La birra;Sabellico-Di Nardo;Gambero rosso editore;1996;CORRIDOIO;;
CUCINA;Il nuovissimo cucchiaio d'argento;Antonia Monti Tedeschi;Editoriale domus;1986;CORRIDOIO;;
CUCINA;La minestra di farro;Vari;Confcommercio;1990;CORRIDOIO;;
CUCINA;Carciofo;Vari;Food editore srl;2010;CORRIDOIO;;
CUCINA;L'arte e il piacere di mangiare bene e sano;Ennio Lazzarini;Pazzini editore;2002;CORRIDOIO;;
CUCINA;Il libro dei menù;vari;Sapori e dintorni;2015;CORRIDOIO;;
CUCINA;L'estate in tavola;Vari;Sapori e dintorni;2013;CORRIDOIO;;
CUCINA;Pizza, focacce, piadine;Josine Negrone;De vecchi Editore;1996;CORRIDOIO;;
CUCINA;La piccola dispensa del barista di Leo Spimi;Leo Spimi;Tipo lito Maestri;1987;CORRIDOIO;;
CUCINA;Il grande libro della cucina vegetariana;Elio Casati;Mariotti;1993;CORRIDOIO;;
CUCINA;Marche da bere;Edoardo Raspelli;Upi Marche;1992;CORRIDOIO;;
DIRITTO;La Costituzione della Repubblica italiana;Vari;Silgraf  ;1975;CORRIDOIO;;
DIRITTO;Compendio di legislazione scolastica;Vari;Edizioni giuridiche Simone;2015;CORRIDOIO;;
DIRITTO;La Costituzione della Repubblica italiana;Vari;Silgraf  ;1975;CORRIDOIO;;
DIRITTO;La Costituzione della Repubblica italiana;Vari;Silgraf  ;1975;CORRIDOIO;;
DIRITTO;Il mio promo codice civile;Fabiani Vittorio;Curvilinee;2008;CORRIDOIO;;
DIRITTO;Estimo;Giuseppe Mario Iovino;Le Monnier;1984;CORRIDOIO;;
DIRITTO;Diritto agrario;Vari;Edagricole;1982;CORRIDOIO;;
DIRITTO;Prontuario economico estimativo;Francesco Alvisi;Paccagnella editore;1975;CORRIDOIO;;
DIRITTO;Estimo;Vari;Calderini;1986;CORRIDOIO;;
DIRITTO;Dichiarazione universale dei diritti umani;Vari;Amnesty International;2003;CORRIDOIO;;
DIZIONARIO;Vocabolario della lingua italiana;Pietro Fanfani;Felice Le Monnier ;1865;SALA;;
DIZIONARIO;Nuovissimo vocabolario della lingua italiana;Niccolò Tommaseo;A. Bietti Editore;1890;SALA;;
DIZIONARIO;Dizionario Garzanti della lingua italiana;Garzanti;Garzanti Editore;1979;SALA;;
DIZIONARIO;Dizionario Etimologico;Giacomo Devoto;Edizione CDE spa Milano;1995;SALA;;
DIZIONARIO;Dizionario Analogico della lingua italiana;Luca Terzolo;Utet;1995;SALA;;
DIZIONARIO;Dizionario dei sinonimi e dei contrari;B.M. Quartu;Edizione CDE spa Milano;1995;SALA;;
DIZIONARIO;Dizionario Latino -Italiano  Italiano-Latino;Sandrone-Coda;Edizioni Polaris;1992;SALA;;
DIZIONARIO;Active Study Dictionary;Vari;Longman;1983;SALA;;
DIZIONARIO;Il piccolo Palazzi;Vari;Ceschina;1968;SALA;;
DIZIONARIO;Vocabolario italiano Francese;Vari;Società editrice internazionale;1960;SALA;;
DIZIONARIO;Dizionario UFO;Ulrich Dopatka;Sperling;1979;CORRIDOIO;;
DIZIONARIO;Centomila;Giuseppe Berti;Tipografia Colonna;1949;CORRIDOIO;;
DIZIONARIO;Dizionario di politica;Bobbio-Matteucci-Pasquino;UTET;2014;CORRIDOIO;;
DIZIONARIO;English dictionary;Vari;Modern languages;2002;CORRIDOIO;;
DIZIONARIO;Lo zingarelli minore;Vari;Zanichelli Editore;2005;CORRIDOIO;;
DIZIONARIO;Inglese-italiano italiano-inglese;Hazon;Garzanti Editore;1985;CORRIDOIO;;
DIZIONARIO;Lo zingarelli minore;Vari;Zanichelli Editore;2005;CORRIDOIO;;
DIZIONARIO;Francese dizionario;Vari;Modern languages;2005;CORRIDOIO;;
ECOLOGIA;Il globo terrestre e la sua evoluzione;Accordi-Palmieri;Zanichelli Editore;1991;CORRIDOIO;;
ECONOMIA;Disuguaglianza;Anthony B. Atkinson;Raffaello Cortina Editore;2015;CORRIDOIO;;
ENCICLOPEDIA;L'universale vol I;Vari;Garzanti Editore;2005;SALA;;
ENCICLOPEDIA;L'universale vol II;Vari;Garzanti Editore;2005;SALA;;
ENCICLOPEDIA;L'universale vol III;Vari;Garzanti Editore;2005;SALA;;
ENCICLOPEDIA;Il magico mondo dei minerali e gemme vol 4;Vari;De Agostini Editore;1996;CORRIDOIO;;
ENCICLOPEDIA;Il magico mondo dei minerali e gemme vol 3;Vari;De Agostini Editore;1996;CORRIDOIO;;
ENCICLOPEDIA;Il magico mondo dei minerali e gemme vol 2;Vari;De Agostini Editore;1996;CORRIDOIO;;
ENCICLOPEDIA;Il magico mondo dei minerali e gemme vol 1;Vari;De Agostini Editore;1996;CORRIDOIO;;
ENCICLOPEDIA;Nel meraviglioso mondo degli animali;Vari;Curcio editore;1974;CORRIDOIO;;
ENCICLOPEDIA;Corso completo di scacchi vol I;Vari;De Agostini Editore;2002;CORRIDOIO;;
ENCICLOPEDIA;Corso completo di scacchi vol II;Vari;De Agostini Editore;2002;CORRIDOIO;;
ENCICLOPEDIA;Corso completo di scacchi vol III;Vari;De Agostini Editore;2002;CORRIDOIO;;
ENCICLOPEDIA;Corso completo di scacchi vol IV;Vari;De Agostini Editore;2002;CORRIDOIO;;
ENCICLOPEDIA;L'universo vol I;Vari;De Agostini Editore;1997;CORRIDOIO;;
ENCICLOPEDIA;L'universo vol II;Vari;De Agostini Editore;1997;CORRIDOIO;;
ENCICLOPEDIA;L'universo vol III;Vari;De Agostini Editore;1997;CORRIDOIO;;
ENCICLOPEDIA;L'universo vol IV;Vari;De Agostini Editore;1997;CORRIDOIO;;
ENCICLOPEDIA;L'universo vol V;Vari;De Agostini Editore;1997;CORRIDOIO;;
ENCICLOPEDIA;L'universo vol VI;Vari;De Agostini Editore;1997;CORRIDOIO;;
ENCICLOPEDIA;L'universo vol VII;Vari;De Agostini Editore;1997;CORRIDOIO;;
ENCICLOPEDIA;L'universo vol VII;Vari;De Agostini Editore;1997;CORRIDOIO;;
ENCICLOPEDIA;La gtrande enciclopedia dei miti e delle leggende;Arthur Cotterel;Rizzoli Editore;1990;CORRIDOIO;;
ENCICLOPEDIA;Enciclopedia del diritto;Vari;De Agostini Editore;1995;CORRIDOIO;;
EPICA;Eneide;Publio Virgilio Marone;Bacheca Ebook;2010;CORRIDOIO;;
EPICA;Iliade;Omero;Garzanti Editore;2011;CORRIDOIO;;
EPICA;Bellezze dell'Iliade, dell'Odissea e dell'Eneide;Enrico Mestica;Tipografia Barbera;1935;SALA;;
EPICA;Odissea;Ippolito Pindemonte;Editore Fabietti;1931;SALA;;
EPICA;Odissea;Omero;Feltrinelli;2010;CORRIDOIO;;
EPICA;I miti greci;Robert Graves;Longanesi;1983;SALA;; 
EPICA;L'Eneide di Virgilio;Virgilio;Casa editrice Principato;1983;CORRIDOIO;;
EPICA;100 miti greci;Coats-Lewis;Mondadori Editore;2002;CORRIDOIO;;
EPICA;Il mio mondo epico;A.M. Genesini;Edizioni del Giglio;1956;CORRIDOIO;;
FAVOLE;Le mie novelle;M.P.Pezzi;Edizioni Lilliput;1974;CORRIDOIO;;
FAVOLE;Le più belle fiabe di La Fontaine;La Fontaine;Eurolibri;1978;CORRIDOIO;;
FAVOLE;La piccola fiammiferaia;H.C. Andersen;Bietti;1969;CORRIDOIO;;
FAVOLE;Le più belle favole di tutti itempi;Vari;Libritalia;1997;CORRIDOIO;;
FAVOLE;I musicanti di Brema;Vari;De Agostini Editore;1990;CORRIDOIO;;
FAVOLE;Storia della pecorella smarrita;Vari;Il pozzo di Giacobbe;2008;CORRIDOIO;;
FILOSOFIA;Apologia di Socrate;Platone;Bompiani Editore;2022;CAMERA L;;
FILOSOFIA;I paradossi dalla A alla Z;Michael Clark;Raffaello Cortina Editore;2005;SALA;;
FILOSOFIA;Antologia;Galileo Galilei;Editrice la scuola;1986;SALA;;
FILOSOFIA;Protagora;Platone;Editrice la scuola;1969;SALA;;
FILOSOFIA;La natura delle cose (De rerum natura);Lucrezio;Rizzoli Editore;2017;CAMERA L;;
FILOSOFIA;La filosofia antica;Emanuele Severino;Rizzoli Editore;1992;SALA;;
FILOSOFIA;Genesi;Francesco Alberoni;Garzanti Editore;1990;SALA;;
FILOSOFIA;Manifesto del partito comunista;Marx - Engels;Newton;1994;CORRIDOIO;;
FILOSOFIA;Platone Dialoghi;Platone;Edizione CDE spa Milano;1991;SALA;;
FILOSOFIA;Natura Umana;Andrea Guti;Edizioni Meudon;2010;CORRIDOIO;;
FILOSOFIA;Quale stato sociale;Luigi Lorenzetti;Cittadella editrice;2011;CORRIDOIO;;
FILOSOFIA;Mosè-Gesù-Freud;Vari;Sic edizioni;2007;CORRIDOIO;;
FILOSOFIA;Storia della filosofia;Reale-Antiseri;Editrice la scuola;2008;CORRIDOIO;;
FILOSOFIA;Platone Apologia di Socrate, Critone;Platone;Rusconi editore;2008;CORRIDOIO;;
FILOSOFIA;Storia del pensiero filosofico vol I;Perone-Ferretti-Ciancio;Società editrice internazionale;1986;CORRIDOIO;;
FILOSOFIA;Storia del pensiero filosofico vol II;Perone-Ferretti-Ciancio;Società editrice internazionale;1986;CORRIDOIO;;
FILOSOFIA;Storia del pensiero filosofico vol III;Perone-Ferretti-Ciancio;Società editrice internazionale;1986;CORRIDOIO;;
FILOSOFIA;Catullo Carmi;Vincenzo Guarracino;Bompiani Editore;1991;CORRIDOIO;;
FILOSOFIA;Filosofia della microfisica;Esposito-Porro;Laterza editore;2009;CORRIDOIO;;
FILOSOFIA;Breve storia della filosofia;Nigel Warburton;Salani Editore;2013;CORRIDOIO;;
FILOSOFIA;21 piccole storie Zen;Marina Luele;Uno editore;2013;CORRIDOIO;;
FILOSOFIA;La filosofia vol I;Abbagnano-Fornero;Paravia;2015;CAMERA L;;
FILOSOFIA;La filosofia vol II;Abbagnano-Fornero;Paravia;2015;CAMERA L;;
FILOSOFIA;La filosofia vol III;Abbagnano-Fornero;Paravia;2015;CAMERA L;;
FILOSOFIA;La filosofia vol IV;Abbagnano-Fornero;Paravia;2015;CAMERA L;;
FILOSOFIA;La filosofia vol V;Abbagnano-Fornero;Paravia;2015;CAMERA L;;
FILOSOFIA;La filosofia vol VI;Abbagnano-Fornero;Paravia;2015;CAMERA L;;
FILOSOFIA;Plauto;Vari;Garzanti Editore;1999;CAMERA L;;
FILOSOFIA;Seneca Apokolokyntosis;Giulio Vannini;Mondadori Editore;2017;CAMERA L;;
FISICA;L'equazione da un milione di dollari;Marcus Du Sautoy;Rizzoli Editore;2010;SALA;;
FISICA;La mente nuova dell'imperatore;Roger Penrose;Oxford University Press;2009;SALA;;
FISICA;L'universo di Stephene Hawking;John Boslough;Rizzoli Editore;1990;SALA;;
FISICA;Pensieri di un uomo curioso;Albert Einstein;Mondadori Editore;1997;SALA;;
FISICA;Lettere d'Amore;Albert Einstein e Mileva Maric;Edizione CDE spa Milano;1993;SALA;;
FISICA;Le cinque equazioni che hanno cambiato il mondo;Michael Guillen;Mondadori Editore;1997;SALA;;
FISICA;Il fisico che visse due volte;Fabio Toscano;Sironi Editore;2008;SALA;;
FISICA;La relatività con le quattro operazioni;Clement V. Durell;Boringhieri Editore;1967;SALA;;
FISICA;La Creazione;Barry Parker;Edizione CDE spa Milano;1992;SALA;;
FISICA;Dal Big bang ai buchi neri;Stephen Hawking;Rizzoli Editore;1980;SALA;;
FISICA;Universo senza fine;Venzo De Sabbata;Corso Editore Ferrara;1978;SALA;;
FISICA;Teoria dei quanti di luce;Albet Einstein;Newton;1972;SALA;;
FISICA;Buchi neri e universi neonati;Stephen Hawking;Rizzoli Editore;2000;SALA;;
FISICA;Come io vedo il mondo La teoria della relatività;Albert Einstein;Newton;1988;SALA;;
FISICA;La particella di Dio;Leon Lederman;Mondadori Editore;1998;SALA;;
FISICA;L'enigma dell'infinito;Frank Close;Einaudi Editore;2016;SALA;;
FISICA;Aristotele, Einstein e gli altri;Ernst Peter Fisher;Edizione CDE spa Milano;1998;SALA;;
FISICA;Da Fermi a Rubbia;Lanfranco Belloni;Rizzoli Editore;1988;SALA;;
FISICA;Buchi neri e universi neonati;Stephen W Hawking;Rizzoli Editore;1993;SALA;;
FISICA;Il cantico dei quanti;Sven Ortoli;Edizione CDE spa Milano;1991;SALA;;
FISICA;Relatività esposizione divulgativa;Albert Einstein;Boringhieri Editore;1967;MONTELABBATE;;
FISICA;La luna nel pozzo cosmico;John D. Barrow;Adeplphi Editore;1994;SALA;;
FISICA;La legge fisica;Richard Feynman;Boringhieri Editore;1996;SALA;;
FISICA;La fisica dei quanti;Carlo Bernardini;Le scienze;1986;SALA;;
FISICA;La meccanica quantistica;Roberto Battiston;Castelvecchi;2018;CORRIDOIO;;
FISICA;Materia ed antimateria;Vari;Le scienze;1989;SALA;;
FISICA;Atomi e nuclei;Carlo Bernardini;Le scienze;1988;SALA;;
FISICA;La fisica delle particelle;Luciano Maiani;Le scienze;1998;SALA;;
FISICA;Spazio, Tempo e relatività;Fernando De Felice;Le scienze;1994;SALA;;
FISICA;Fisica vol I;Pietro Silva;Paravia;1965;SALA;;
FISICA;Il realismo scientifico;Evandro Agazzi;Editrice Montefeltro;2009;CORRIDOIO;;
FISICA;Filosofia della microfisica;Gino Tarozzi;Mucchi;1992;CORRIDOIO;;
FISICA;Fisica Vol II;Pietro Silva;Paravia;1965;CORRIDOIO;;
FISICA;Phisica Vol I;Catforio-Ferilli;Le Monnier;1989;CORRIDOIO;;
FISICA;Phisica Vol II;Catforio-Ferilli;Le Monnier;1989;CORRIDOIO;;
FISICA;La fabbrica delle particelle;Vari;Collana Marche scienza;2008;CORRIDOIO;;
FISICA;La fabbrica delle particelle;Vari;Collana Marche scienza;2008;CORRIDOIO;;
FISICA;Da Galileo ad Einstein;Antonio Vitale-Carlo Rubbia;Collana Marche scienza;2007;CORRIDOIO;;
FISICA;Fisica atomica Vol I;E.V. Spolskij;Edizioni Mir;1986;CORRIDOIO;;
FISICA;Fisica atomica Vol II;E.V. Spolskij;Edizioni Mir;1986;CORRIDOIO;;
FISICA;Relatività ed esistenza;Giuseppe Arcidiacono;Il Fuoco Roma;1981;CORRIDOIO;;
FISICA;Physica Vol I;Caforio-Ferilli;Le Monnier;1987;CORRIDOIO;;
FISICA;Albert aveva ragione Dio non gioca a dadi;Walter E.R. Cassani;AASA;1994;CORRIDOIO;;
FISICA;Fisica;Resnick Halliday;Casa editrice Ambrosiana;1982;CORRIDOIO;;
FISICA;Da Galileo ad Einstein;Antonio Vitale-Carlo Rubbia;Collana Marche scienza;2007;CORRIDOIO;;
FISICA;The Science of Can and Can't;Chiara Marletto;Viking;2021;CAMERA L;;
FUMETTO;Dragon Ball;Akira Toriyama;Star;1990;CORRIDOIO;;
FUMETTO;L'uomo Ragno;Vari;Mondadori Editore;2010;CORRIDOIO;;
FUMETTO;Maximum Berserk vol 1;Kentaro Miura;Enrico Fornaroli editore;2004;CAMERA L;;
FUMETTO;Maximum Berserk vol 9;Kentaro Miura;Enrico Fornaroli editore;2006;CAMERA L;;
GEOLOGIA;Il rischio sismico;Enzo Boschi;Le scienze;1991;SALA;;
GUIDA;Guida ai musei, monumenti di Roma;Vari;Stilgrafica srl;1990;CORRIDOIO;;
GUIDA;Gli orologi e la misura del tempo;Gustav Kruger;Capitol Bologna;1995;CORRIDOIO;;
GUIDA;Pollino;Martino Licursi;Edizioni il Coscile;1992;CORRIDOIO;;
GUIDA;Musei nel riminese tra arte e storia;Vari;Provincia di Rimini;2011;CORRIDOIO;;
GUIDA;Guida di viaggio Sardegna;Vari;Regione Sardegna;2008;CORRIDOIO;;
GUIDA;E cammina e cammina Sardegna;Vari;Regione Sardegna;2008;CORRIDOIO;;
GUIDA;Guida ai beno culturali Sardegna;Vari;Regione Sardegna;2008;CORRIDOIO;;
GUIDA;Paesaggi d'autore Sardegna;Vari;Regione Sardegna;2008;CORRIDOIO;;
GUIDA;Forli percorsi nella città;Vari;Assessorato al turismo;2004;CORRIDOIO;;
GUIDA;Assisi;Vari;Comune di Assisi;2000;CORRIDOIO;;
GUIDA;Piccola guida agli scavi di Ercolano;Vari;Zelig Editore;2001;CORRIDOIO;;
GUIDA;Qui Napoli;Vari;Az Autonoma di soggiorno;2005;CORRIDOIO;;
GUIDA;La Reggia di Caserta;Vari;Az Autonoma di soggiorno;2005;CORRIDOIO;;
GUIDA;Aerei da combattimento;Jane's Collins;Vallardi;1996;CORRIDOIO;;
GUIDA;Pesaro;Vari;Comune di Pesaro;2010;CORRIDOIO;;
GUIDA;Wolfsburg;Vari;Impressum;2009;CORRIDOIO;;
GUIDA;Giocattoli di pezza;Cheryl Owen;Edizione CDE spa Milano;1991;CORRIDOIO;;
GUIDA;Valtrebbia;Vari;Sagep;1991;CORRIDOIO;;
GUIDA;Manuale formativo per la leva;Vari;Stabilimento grafico militare;1991;CORRIDOIO;;
GUIDA;Il servizio di leva nell Aeronautica Militare;Vari;Stabilimento grafico militare;1987;CORRIDOIO;;
GUIDA;Catalogo Sassone blu;Vari;Sassone editrice;1981;CORRIDOIO;;
GUIDA;I segnalibri;Claudia Vanzolini;AVO;2009;CORRIDOIO;;
GUIDA;I segnalibri;Claudia Vanzolini;AVO;2009;CORRIDOIO;;
GUIDA;Bugatti una leggenda legata Italia;Vari;Artioli editore;2018;CAMERA L;;
GUIDA;I segnalibri;Claudia Vanzolini;AVO;2009;CAMERA L;;
GUIDA;I segnalibri;Claudia Vanzolini;AVO;2009;CAMERA L;;
INFORMATICA;La scienza dei calcolatori;Daniele Mundici;Le scienze;1990;SALA;;
INFORMATICA;Circuiti logici, circuiti integrati teoria applicazione;Francesco Grianti;Electronia design;1975;CORRIDOIO;;
INFORMATICA;Intelligenza artificiale un approccio moderno;Russell-Norvig;Prentice Hall;2014;CAMERA L;;
INFORMATICA;Introduction to Algorithms;Vari;PHI Learning;2015;CAMERA L;;
INFORMATICA;The C ++ programming language;bjarne Stroustrump;Addison-Wensley;2018;CAMERA L;;
LETTERATURA;Il Corsaro Nero;Emilio Salgari;Antonio Vallardi Editore;1928;SALA;;
LETTERATURA;Decameron;Giovanni Boccaccio;A. Birion Editore;1931;SALA;;
LETTERATURA;Centuria d'Amore;Amaruka;Marsilio Editore;1992;SALA;;
LETTERATURA;Doppio Sogno;Arthur Schnitzler;Adeplphi Editore;1998;SALA;;
LETTERATURA;Tutti i racconti 1897-1922;H.P. Lovecraft;Mondadori Editore;1993;SALA;;
LETTERATURA;Tutti i racconti 1923-1926;H.P. Lovecraft;Mondadori Editore;1994;SALA;;
LETTERATURA;Tutti i racconti 1927-1930;H.P. Lovecraft;Mondadori Editore;1994;SALA;;
LETTERATURA;L'arte di essere felici;Arthur Schopenhauer;Adeplphi Editore;1998;SALA;;
LETTERATURA;More tales from Shakespeare;Shakespeare;Longman;1985;SALA;;
LETTERATURA;Eros e Chronos;Giulio Galletto;Severgnini;1986;SALA;;
LETTERATURA;Adelchi;Alessandro Manzoni;Paravia;1947;SALA;;
LETTERATURA;Eliot Poesie;T.S. Eliot;Edizione CDE spa Milano;1993;SALA;;
LETTERATURA;Le avventure di Gordon Pym;E.A. Poe;Newton;1993;SALA;;
LETTERATURA;I malavoglia;Giovanni Verga;Newton;1993;SALA;;
LETTERATURA;I malavoglia;Giovanni Verga;Oscar Mondadori;1981;CORRIDOIO;;
LETTERATURA;Poesie;Giosuè Carducci;Salani Editore;1976;SALA;;
LETTERATURA;Critica della Ragion pura;Immanuel Kant;Adeplphi Editore;2001;SALA;;
LETTERATURA;La Mandragola;Niccolò Machiavelli;Signorelli Milano;1984;SALA;;
LETTERATURA;Quattro quartetti;T.S. Elliot;Garzanti Editore;1982;SALA;;
LETTERATURA;Giacomo Leopardi;Gian Carlo D'Adamo;Le Monnier;1980;SALA;;
LETTERATURA;Il piacere;Gabriele D'Annunzio;Mondadori Editore;1990;SALA;;
LETTERATURA;Fontamara;Ignazio Silone;Mondadori Editore;1974;SALA;;
LETTERATURA;Le centoventi giornate di Sodoma;De Sade;Les Edition de Minuit;1991;SALA;;
LETTERATURA;Alla ricerca del tempo perduto;Marcel Proust;Newton;1990;SALA;;
LETTERATURA;Cronache di guerra;George Orwell;Leonardo Editore;1985;SALA;;
LETTERATURA;Critica della Ragion Pura;Immanuel Kant;Editrice la scuola;1985;SALA;;
LETTERATURA;Il Conte di Montecristo;Alexandre Dumas;Libraria Editrice;2021;CORRIDOIO;;
LETTERATURA;Il nome della rosa;Umberto Eco;Fabbri Editore;1996;SALA;;
;;;;;;;
LETTERATURA;I malavoglia;Giovanni Verga;Mondadori Editore;1975;SALA;;
LETTERATURA;La strada per Roma;Paolo Volponi;Einaudi Editore;1991;SALA;;
LETTERATURA;Modern American short stories;Vari;Editrice la scuola;1977;SALA;;
LETTERATURA;A collection of British short stories;Vari;Editrice la scuola;1977;SALA;;
LETTERATURA;Pensieri  ;Giacomo Leopardi;Adeplphi Editore;1992;SALA;;
LETTERATURA;Psicologia della vita amorosa;Sigmund Freud;Newton;1984;SALA;;
LETTERATURA;Canti;Giacomo Leopardi;Mondadori Editore;1987;SALA;;
LETTERATURA;Il Decamerone vol II;Giovanni Boccaccio;Centro De diffusione cultura;1989;SALA;;
LETTERATURA;Il decamerone vol I;Giovanni Boccaccio;Centro De diffusione cultura;1989;SALA;;
LETTERATURA;Il pendolo di Focoult;Umberto Eco;Bompiani Editore;1996;SALA;;
LETTERATURA;Le avventure del barone di Munchhausen;Raspe e Burger;Grafica editoriale printing;2003;CORRIDOIO;;
LETTERATURA;Il Corsaro nero;Emilio Salgari;Grafica editoriale printing;2003;CORRIDOIO;;
LETTERATURA;David Copperfield;Charles Dickens;Grafica editoriale printing;2003;CORRIDOIO;;
LETTERATURA;Il giro del mondo in 80 giorni;Jules Verne;Grafica editoriale printing;2003;CORRIDOIO;;
LETTERATURA;Dalla terra alla luna;Jules Verne;Grafica editoriale printing;2003;CORRIDOIO;;
LETTERATURA;Cuore;Edmondo De Amicis;Crescere Edizioni;2021;CORRIDOIO;;
LETTERATURA;Guerra e pace;Lev Nicolaevic Tolstoj;Crescere Edizioni;2022;CORRIDOIO;;
LETTERATURA;I miserabili;Victor Hugo;Crescere Edizioni;2022;CORRIDOIO;;
LETTERATURA;L’isola misteriosa;Jules Verne;Crescere Edizioni;2019;CORRIDOIO;;
LETTERATURA;Ventimila leghe sotto i mari;Jules Verne;Il battello a vapore;2014;CORRIDOIO;;
LETTERATURA;I figli del Capitano Grant;Jules Verne;Crescere Edizioni;2018;CORRIDOIO;;
LETTERATURA;I viaggi di Gulliver;Jonathan Swift;Grafica editoriale printing;2003;CORRIDOIO;;
LETTERATURA;Robinson Crusoe ;Daniel De Foe;Grafica editoriale printing;2003;CORRIDOIO;;
LETTERATURA;I tre moschettieri;Alexandre Dumas;Grafica editoriale printing;2003;CORRIDOIO;;
LETTERATURA;Le avventure di Robin Hood;Alexandre Dumas;Grafica editoriale printing;2003;CORRIDOIO;;
LETTERATURA;Zanna Bianca;Jack London;Grafica editoriale printing;2003;CORRIDOIO;;
LETTERATURA;Il richiamo della foresta;Jack London;Grafica editoriale printing;2003;CORRIDOIO;;
LETTERATURA;Il libro della giungla;Rudjard Kipling;Grafica editoriale printing;2003;CORRIDOIO;;
LETTERATURA;Il pellegrinaggio in oriente;Hermann Hesse;Adeplphi Editore;1994;CORRIDOIO;;
LETTERATURA;Vita d'un uomo;Giuseppe Ungaretti;Oscar Mondadori;1973;CORRIDOIO;;
LETTERATURA;Francesco D'assisi;Hermann Hesse;Tascabili Newton;1993;CORRIDOIO;;
LETTERATURA;La bella estate;Cesare Pavese;Oscar Mondadori;1974;CORRIDOIO;;
LETTERATURA;L'amante di Lady Chatterley;David Herbert Lawrence;Crescere Edizioni;2022;CORRIDOIO;;
LETTERATURA;Madame Bovary;Gustave Flaubert;Crescere Edizioni;2022;CORRIDOIO;;
LETTERATURA;Lettera a un bambino mai nato;Oriana Fallaci;Rizzoli Editore;1975;CORRIDOIO;;
LETTERATURA;Anonimo veneziano;Giuseppe Berto;Rizzoli Editore;1984;CORRIDOIO;;
LETTERATURA;I fiori del male;Charles Baudelaire;Mondadori Editore;1989;CORRIDOIO;;
LETTERATURA;La Divina Commedia Inferno;Dante Alighieri;Le Monnier;1983;CORRIDOIO;;
LETTERATURA;La Divina Commedia Purgatorio;Dante Alighieri;Le Monnier;1983;CORRIDOIO;;
LETTERATURA;La Divina Commedia Paradiso;Dante Alighieri;Le Monnier;1983;CORRIDOIO;;
LETTERATURA;Rigoletto;Giuseppe Verdi;De Agostini Editore;1989;CORRIDOIO;;
LETTERATURA;Bel-Ami;Guy De Maupassant;Mondadori Editore;1993;CORRIDOIO;;
LETTERATURA;Una vita;Guy De Maupassant;Mondadori Editore;1993;CORRIDOIO;;
LETTERATURA;Ulisse;James Joyce;Mondadori Editore;1987;CORRIDOIO;;
LETTERATURA;Canto di natale;Charles Dickens;Rizzoli Editore;1994;CORRIDOIO;;
LETTERATURA;Romanzi e racconti;Oscar Wilde;Edizioni Casini;1987;CORRIDOIO;;
LETTERATURA;I promessi sposi e la storia della colonna infame;Alessandro Manzoni;Tramontana editore;1980;CORRIDOIO;;
LETTERATURA;Leggere i Promessi Sposi;Giorgio Petrocchi;Tramontana editore;1980;CORRIDOIO;;
LETTERATURA;Utopia and distopia;Vari;Editrice Ferrero;1988;CORRIDOIO;;
LETTERATURA;L'ultimo giorno di un condannato a morte;Victor Hugo;Newton;1993;CORRIDOIO;;
LETTERATURA;Invito alla lettura di Alvaro;Walter Mauro;Mursia;1973;CORRIDOIO;;
LETTERATURA;Il dialetto di Gulì;Claudio Marabini;Edizioni del girasole;1973;CORRIDOIO;;
LETTERATURA;Tragedie;Shaekspeare;S.A promocion;1985;CORRIDOIO;;
LETTERATURA;Poesie;Oscar Wilde;Newton;1991;CORRIDOIO;;
LETTERATURA;Il ritratto di Dorian Gray;Oscar Wilde;Newton;1993;CORRIDOIO;;
LETTERATURA;Novelle;Giovanni Verga;Mondadori Editore;1980;CORRIDOIO;;
LETTERATURA;Il canzoniere;Francesco Petrarca;Bietti;1966;CORRIDOIO;;
LETTERATURA;Le notti bianche;Feodor Dostojevski;Tascabili Newton;1994;CORRIDOIO;;
LETTERATURA;Siddharta;Hermann Hesse;Adeplphi Editore;1989;CORRIDOIO;;
LETTERATURA;Il segreto di Luca;Ignazio Silone;Mondadori Editore;2012;CORRIDOIO;;
LETTERATURA;L'inquisito;Giorgio Saviane;Tascabili Newton;1994;CORRIDOIO;;
LETTERATURA;La locandiera;Carlo Goldoni;Editrice la scuola;1981;CORRIDOIO;;
LETTERATURA;Benedetto Croce e la critica letteraria;Mario Pupo;Sansoni editore;1974;CORRIDOIO;;
LETTERATURA;Il Signore degli anelli;J.R.R. Tolkien;RCS Libri;2000;CORRIDOIO;;
LETTERATURA;C'era due volte il Barone lamberto;Gianni Rodari;Einaudi Editore;1979;CORRIDOIO;;
LETTERATURA;Marcovaldo;Italo Calvino;Einaudi Editore;1980;CORRIDOIO;;
LETTERATURA;Delitto e castigo;Feodor Dostojevski;Sape;1985;CORRIDOIO;;
LETTERATURA;Delitto e castigo;Feodor Dostojevski;Biblioteca Universale Rizzoli;1990;CORRIDOIO;;
LETTERATURA;I quarantanove racconti;Ernest Hemingway;Mondadori Editore;1979;CORRIDOIO;;
LETTERATURA;Notre dame de Paris;Victor Hugo;La biblioteca universale;2003;CORRIDOIO;;
LETTERATURA;Notre dame de Paris;Victor Hugo;La biblioteca universale;1996;CORRIDOIO;;
LETTERATURA;Poesie e prose scelte;Giovanni Pascoli;Edipem;1972;CORRIDOIO;;
LETTERATURA;Il buon vecchio e la bella fanciulla;Italo Svevo;Tascabili Newton;1975;CORRIDOIO;;
LETTERATURA;La profezia di Celestino;James Redfield;Casa editrice Corbaccio;2003;CORRIDOIO;;
LETTERATURA;La coscienza di Zeno;Italo Svevo;Garzanti Editore;1987;CORRIDOIO;;
LETTERATURA;Emma;Jane Austen;Garzanti Editore;1979;CORRIDOIO;;
LETTERATURA;Barttley the scrivaner;Herman Melville;Einaudi Editore;1994;CORRIDOIO;;
LETTERATURA;Ultime lettere di Jacopo Ortis;Ugo Foscolo;Bompiani;1988;CORRIDOIO;;
LETTERATURA;L'Infinito;Tiziano Scarpa;Einaudi Editore;2015;CORRIDOIO;;
LETTERATURA;Riccardo Cuor di Leone;Walter Scott;Loescher editore;1990;CORRIDOIO;;
LETTERATURA;Dracula;Bram Stoker;Longanesi;1976;CORRIDOIO;;
LETTERATURA;Pianto di stelle;Giovanni Pascoli;Pastelli;1995;CORRIDOIO;;
LETTERATURA;La Divina Commedia Purgatorio;Dante Alighieri;La nuova Italia editrice;1985;CORRIDOIO;;
LETTERATURA;La Divina Commedia Inferno;Dante Alighieri;La nuova Italia editrice;1985;CORRIDOIO;;
LETTERATURA;La Divina Commedia Paradiso;Dante Alighieri;La nuova Italia editrice;1989;CORRIDOIO;;
LETTERATURA;La Divina Commedia in prosa introduzione;Dante Alighieri;Edizione Samizdat;2008;CORRIDOIO;;
LETTERATURA;La Divina Commedia in prosa Inferno;Dante Alighieri;Edizione Samizdat;2008;3;;
LETTERATURA;La Divina Commedia in prosa Purgatorio;Dante Alighieri;Edizione Samizdat;2008;CORRIDOIO;;
LETTERATURA;La Divina Commedia Paradiso;Dante Alighieri;Edizione Samizdat;2008;CORRIDOIO;;
LETTERATURA;Il barone rampante;Italo Calvino;Mondadori Editore;2009;CORRIDOIO;;
LETTERATURA;Il fascismo degli antifascisti;Pier Paolo Pasolini;Garzanti Editore;2019;CORRIDOIO;;
LETTERATURA;Poesie 1924-1964;Pablo Neruda;Rizzoli Editore;1994;CORRIDOIO;;
LETTERATURA;A Christmas Carol;Charles Dickens;Litoprint;2003;CORRIDOIO;;
LETTERATURA;American Horror;Edgar Allan Poe;Litoprint;2010;CORRIDOIO;;
LETTERATURA;I promessi sposi  ;Alessandro Manzoni;La nuova Italia editrice;1975;CORRIDOIO;;
LETTERATURA;Storia della letterartura italiana vol IV;Salinari-Ricci;Laterza editore;1989;CORRIDOIO;;
LETTERATURA;Storia della letterartura italiana vol Iii;Salinari-Ricci;Laterza editore;1989;CORRIDOIO;;
LETTERATURA;Mondo in cammino vol I;Catagna-Desiderio;Signorelli Milano;1978;CORRIDOIO;;
LETTERATURA;Mondo in cammino vol II;Catagna-Desiderio;Signorelli Milano;1978;CORRIDOIO;;
LETTERATURA;Terenzio Adelphoe Heautotontimorumenos;Lisa Piazzi;Mondadori Editore;2017;CAMERA L;;
LINGUA;English;Vari;Vallcchi;1965;CORRIDOIO;;
LINGUA;Corso di lingua latina;Proto-Valenti;Le Monnier;1985;CORRIDOIO;;
LINGUA;Venti lezioni di latino;Andrea Bairati;G.B.Petrini;1985;CORRIDOIO;;
LINGUA;Grammar files;Jordan-Fiocchi;Trinity Whitebridge;2010;CORRIDOIO;;
LINGUA;Antologia della letteratura latina;Luciano Perelli;Paravia;1973;CORRIDOIO;;
LINGUA;Novantanove modi di dire in dialetto pesarese;Vari;Comune di Pesaro;1980;CORRIDOIO;;
LINGUA;Instant Spagnolo;Vari;Gribaudo;2023;CAMERA L;;
LINGUA;Classici latini Vol II;Vari;Le Monnier;1986;CORRIDOIO;;
LINGUA;Classici latini Vol I;Vari;Le Monnier;1986;CORRIDOIO;;
LINGUA;Classici latini Vol III;Vari;Le Monnier;1986;CORRIDOIO;;
LINGUA;Literature into language;Moretti-Sowden;Garzanti Editore;1987;CORRIDOIO;;
MANUALE;Survival;Matt Larsen;Demetra;2017;CORRIDOIO;;
MANUALE;Manuale edagricole per agronomi e geometri;Gualberto Porciani;Edagricole;1986;CORRIDOIO;;
MANUALE;La lira e la sua storia;Vari;Integral press;2003;CORRIDOIO;;
MANUALE;Gli esami del commerciante;Marinelli-Nicolao;Buffetti editore;1995;CORRIDOIO;;
MANUALE;Programma di educazione sessuale;Giommi-Perrotta;Mondadori Editore;1992;CORRIDOIO;;
MATEMATICA;Analisi matematica 1;Bramanti-Pagani-Salsa;ZANICHELLI;2020;CORRIDOIO;;
MATEMATICA;Analisi matematica 2;Bramanti-Pagani-Salsa;ZANICHELLI;2020;CORRIDOIO;;
MATEMATICA;L'ultimo teorema di Fermat;Simon Singh;Edizione CDE spa Milano;1998;SALA;;
MATEMATICA;L'equazione impossibile;Mario Livio;RCS Libri;2006;SALA;;
MATEMATICA;I principi della matematica;Bertrand Russell;Newton;1997;SALA;;
MATEMATICA;L'enigma dei numeri primi;Marcus Du Sautoy;RCS Libri;2005;SALA;;
MATEMATICA;Dove va la matematica;Keith Devlin;Boringhieri Editore;1988;SALA;;
MATEMATICA;La matematica della complessità;Vari;Le scienze;1992;SALA;;
MATEMATICA;Numeri , caso e sequenze;Roberto Magari;Le scienze;1988;SALA;;
MATEMATICA;Ttrigonometria piana;Faggioli/Dodero;Ghisetti e Corvi Editori;1985;SALA;;
MATEMATICA;Istituzioni di matematica vol I;Giuseppe Zwirner;Edizioni CEDAM;1995;CORRIDOIO;;
MATEMATICA;Istituzioni di matematica vol II;Giuseppe Zwirner;Edizioni CEDAM;1995;CORRIDOIO;;
MATEMATICA;Logaritmi;Brasca-Levi;Ghisetti e Corvi Editori;1984;CORRIDOIO;;
MATEMATICA;Lezioni di matematica generale;A. Myskis;Edizioni Mir;1979;CORRIDOIO;;
MATEMATICA;Istituzioni di matematica;Marcellini-Sbordone;Liguori editore;1986;CORRIDOIO;;
MATEMATICA;Logaritmi;Brasca-Levi;Ghisetti e Corvi Editori;1987;CORRIDOIO;;
MATEMATICA;Elementi di algebra geometria analitica e trigonometria;Vari;Ghisetti e Corvi Editori;1983;CORRIDOIO;;
MATEMATICA;Complementi di algebra;Giuseppe Zwirner;Cedam;1975;CORRIDOIO;;
MATEMATICA;Elementi di algebra  ;Vari;Ghisetti e Corvi Editori;1977;CORRIDOIO;;
MATEMATICA;Elementi di algebra;Vari;Ghisetti e Corvi Editori;1976;CORRIDOIO;;
MATEMATICA;Elementi di Algebra;Palatini-Faggioli;Ghisetti e Corvi Editori;1986;CORRIDOIO;;
MINERALOGIA;Rocce e minerali;Chris Pellant;DK;1999;CAMERA L;;
MUSICA;Mozart Sinfonia nr 1;vari;Curcio editore;1989;CORRIDOIO;;
MUSICA;Wagner;vari;Curcio editore;1989;CORRIDOIO;;
MUSICA;Brahms;vari;Curcio editore;1989;CORRIDOIO;;
MUSICA;Liszt;vari;Curcio editore;1989;CORRIDOIO;;
MUSICA;Mendelssohn;vari;Curcio editore;1989;CORRIDOIO;;
MUSICA;Chopin;vari;Curcio editore;1989;CORRIDOIO;;
MUSICA;Dvorak;vari;Curcio editore;1989;CORRIDOIO;;
MUSICA;Mozart Requiem k 626;vari;Curcio editore;1989;CORRIDOIO;;
MUSICA;Zelmira;Vari;Rossini opera festival;1995;CORRIDOIO;;
MUSICA;Bach;Vari;La Repubblica;1988;CORRIDOIO;;
MUSICA;I moderni;Vari;La Repubblica;1988;CORRIDOIO;;
MUSICA;L'opera;Vari;La Repubblica;1988;CORRIDOIO;;
MUSICA;Beethoven;Vari;La Repubblica;1988;CORRIDOIO;;
MUSICA;Mozart;Vari;La Repubblica;1988;CORRIDOIO;;
MUSICA;Educazione musicale;Bellonci-Pierucci;Edizioni La Pace;1978;CORRIDOIO;;
MUSICA;La musica di Godel;Franco Pollini;Il ponte vecchio;2007;CORRIDOIO;;
NARRATIVA;Il dubbio;Luciano De Crescenzo;Mondadori Editore;1992;SALA;;
NARRATIVA;Il paziente inglese;Michael Ondaatje;Garzanti Editore;1997;SALA;;
NARRATIVA;La voglia;Elfriede Jelinek;Mondadori Editore;2005;SALA;;
NARRATIVA;La visita;Andrea Monsagrati;San Decenzio Editore;2021;CORRIDOIO;;
NARRATIVA;Storia notturna;Carlo Ginzburg;Einaudi Editore;1991;SALA;;
NARRATIVA;Della morte dell'amore;Tiziano Sclavi;Camunia Editrice;1993;SALA;;
NARRATIVA;L'ultima verità;Robert Ludlum;Rizzoli Editore;1990;SALA;;
NARRATIVA;Va dove ti porta il cuore;Susanna Tamaro;Baldini & Castoldi;1995;SALA;;
NARRATIVA;Antiche sere;Norman Mailer;Edizione CDE spa Milano;1993;SALA;;
NARRATIVA;La Terra sotto i suoi piedi;Salman Rushdie;Mondadori Editore;1999;SALA;;
NARRATIVA;Viaggio nella magia;Cecila Gatoo Trocchi;La Terza Editore;1993;SALA;;
NARRATIVA;Archangel;Robert Harris;Mondadori Editore;1998;SALA;;
NARRATIVA;Destinazione cervello;Isaac Asimov;Mondadori Editore;1988;SALA;;
NARRATIVA;Il massaggio erotico;Andrew Yorke;Edizioni Acanthus;1988;SALA;;
NARRATIVA;Breviario indiano della felicità;Sconosciuto;Nuova Editrice Spada;1991;SALA;;
NARRATIVA;Il mago Ladino;Sconosciuto;Nuova Editrice Spada;1991;SALA;;
NARRATIVA;Le profezie dei mille e non più mille;Sconosciuto;Nuova Editrice Spada;1991;SALA;;
NARRATIVA;Le profezie della piramide;Sconosciuto;Nuova Editrice Spada;1991;SALA;;
NARRATIVA;Malachia e la Madonna di Fatima;Sconosciuto;Nuova Editrice Spada;1991;SALA;;
NARRATIVA;Il Dio dei nostri padri;Aldo Cazzullo;Harper Collins;2024;CORRIDOIO;;
NARRATIVA;Nostradamus;Nostradamus;Nuova Editrice Spada;1991;SALA;;
NARRATIVA;Bomba atomica;Roberto Mercadini;Rizzoli Editore;2021;CAMERA L;;
NARRATIVA;Il ragno nero;Sconosciuto;Nuova Editrice Spada;1991;SALA;;
NARRATIVA;Ricciardetto;Nicolò Carteromaco;Società tipografica ;1878;SALA;;
NARRATIVA;I mulini a vento degli dei;Sidney Sheldon;Sperling;1988;SALA;;
NARRATIVA;L'amore per la vita;Erich Fromm;Mondadori Editore;1983;SALA;;
NARRATIVA;Il gioco di Gerald;Stephen King;Edizione CDE spa Milano;1994;SALA;;
NARRATIVA;Rose Madder;Stephen King;Mondadori Editore;1999;CORRIDOIO;;
NARRATIVA;La cattedrale dell'anticristo;Fabio Delizzos;Newton;2011;SALA;;
NARRATIVA;Numeri forme e geometrie;Guy O Ven;Orsa maggiore;1991;SALA;;
NARRATIVA;Pesaro;Vari;Arti grafiche Federici;1985;SALA;;
NARRATIVA;Champagne Charlie;Joseph Henriot;Newton;1982;SALA;;
NARRATIVA;La globalizzazione dei sentimenti;Filippo Ferra;Pendagron;2002;SALA;;
NARRATIVA;Le cronache di Narnia;Clive Staples Lewis;Mondadori Editore;2022;CORRIDOIO;;
NARRATIVA;Il risveglio dell'animo;Filippo Ferra;Pendagron;2005;SALA;;
NARRATIVA;L'assassinio di Hitler;Henri Ludwigg;Longanesi;1967;SALA;;
NARRATIVA;The collector;John Fowles;Panther;1975;SALA;;
NARRATIVA;Rinascimento etico e guerra;Filippo Ferra;Pendagron;2004;SALA;;
NARRATIVA;Termine di un viaggio di servizio;Heinrich Boll;Bompiani;1972;SALA;;
NARRATIVA;Anche le formiche nel loro piccolo s'incazzano;Gino & Michele;Einaudi Editore;1991;SALA;;
NARRATIVA;Sesso? Fai da te;Giobbe Covatta;Zelig Editore;1995;SALA;;
NARRATIVA;I proverbi italiani;Maria Pia Tosti Croce;Edizione CDE spa Milano;1990;SALA;;
NARRATIVA;Il grande libro delle barzellette;Gino Bramieri;De vecchi Editore;1981;SALA;;
NARRATIVA;Selezione della narrativa mondiale vol 1;Vari;Readers digest;1978;SALA;;
NARRATIVA;Selezione della narrativa mondiale vol 2;Vari;Readers digest;1978;SALA;;
NARRATIVA;Selezione della narrativa mondiale vol 3;Vari;Readers digest;1978;SALA;;
NARRATIVA;E l'alluce fu;Roberto Benigni;Mondadori Editore;1997;SALA;;
NARRATIVA;Artemis Fowl;Eoin Colfer;Mondadori Editore;2001;CORRIDOIO;;
NARRATIVA;Il linguaggio segreto delle date di nascita 1° Luglio;Vari;Lego spa;1998;CORRIDOIO;;
NARRATIVA;Come smettere di farsi le seghe mentali;Giulio Cesare Giacobbe;Ponte alle Grazie;2005;CORRIDOIO;;
NARRATIVA;Una donna e altri animali;Brunella Gasperini;Rizzoli Editore;1981;CORRIDOIO;;
NARRATIVA;Paris la nuit;Valeries Tasso;Nuovo istituto italiano d'arti;2006;CORRIDOIO;;
NARRATIVA;L'isola del tesoro;Robert Louis Stevenson;Adelphy ;2019;CORRIDOIO;;
NARRATIVA;Il Fantastico Robert Louis Stewenson;Robert Louis Stevenson;Mondadori Editore;2024;CORRIDOIO;;
NARRATIVA;Elisa finalmente libera;Elia Gonzales;Editrice nuovi autori;2001;CORRIDOIO;;
NARRATIVA;Ossidiana;Piero Buscemi;Editrice nuovi autori;2001;CORRIDOIO;;
NARRATIVA;I giorni dell'amore, i giorni dell'odio;Sabina Colloredo;Einaudi Editore;2006;CORRIDOIO;;
NARRATIVA;Bis nuovi momenti catartici;Flavio Oreglio;Mondadori Editore;2003;CORRIDOIO;;
NARRATIVA;In televisione sembravamo più alti;Aldo Giovanni e Giacomo;Zelig Editore;2003;CORRIDOIO;;
NARRATIVA;I frutti dimenticati;Cristiano Cavina;Marcos Y Marcos;2008;CORRIDOIO;;
NARRATIVA;Il museo abbandonato;Henry Changellor;Mondadori Editore;2009;CORRIDOIO;;
NARRATIVA;Bim bianco dall'orecchio nero;Gavnil Troiepolski;Giunti Editore;1980;CORRIDOIO;;
NARRATIVA;Le brutte scienze Luci, Lampi rifrazioni;Vari;Salani Editore;1999;CORRIDOIO;;
NARRATIVA;Le brutte scienze Centrifughe, schianti, propulsioni;Vari;Salani Editore;1999;CORRIDOIO;;
NARRATIVA;Le brutte scienze Caotica chimica;Vari;Salani Editore;1999;CORRIDOIO;;
NARRATIVA;Le brutte scienze Catarro, peste, febbre gialla;Vari;Salani Editore;1999;CORRIDOIO;;
NARRATIVA;Le brutte scienze Onde, armonici, boati;Vari;Salani Editore;1999;CORRIDOIO;;
NARRATIVA;Strangers;Dean R. Koontz;Bompiani;1993;CORRIDOIO;;
NARRATIVA;Le brutte scienze Ossa, trippe, budella;Vari;Salani Editore;1999;CORRIDOIO;;
NARRATIVA;Le brutte scienze Elettroni, Catodi, fotoni;Vari;Salani Editore;1999;CORRIDOIO;;
NARRATIVA;Le brutte scienze Colon, Succhi gastrici, pilori;Vari;Salani Editore;1999;CORRIDOIO;;
NARRATIVA;Le brutte scienze Germi, Virus, batteri;Vari;Salani Editore;1999;CORRIDOIO;;
NARRATIVA;Harry Potter e l'ordine della fenice;J.K. Rowling;Salani Editore;2003;CORRIDOIO;;
NARRATIVA;Harry Potter e i giorni della morte;J.K. Rowling;Salani Editore;2008;CORRIDOIO;;
NARRATIVA;Harry Potter e il principe mezzosangue;J.K. Rowling;Salani Editore;2005;CORRIDOIO;;
NARRATIVA;Harry Potter e la camera dei segreti;J.K. Rowling;Salani Editore;2002;CORRIDOIO;;
NARRATIVA;Selezione della narrativa mondiale;Vari;Readers digest;1977;CORRIDOIO;;
NARRATIVA;avere un naturopata in casa;Cristiano Tenca;Edizioni il punto d'incontro;2004;CORRIDOIO;;
NARRATIVA;Onoevole, stia zitto;Giulio Andreotti;Rizzoli Editore;1987;CORRIDOIO;;
NARRATIVA;I'incomparabile sapore del sigaro cubano;Fabio Ballestracci;F.lli Frilli editore;2004;CORRIDOIO;;
NARRATIVA;Prog;Donato Zoppo;Lit edizioni;2012;CORRIDOIO;;
NARRATIVA;Nelle sue mani;Marthe Blau;Mondadori Editore;2003;CORRIDOIO;;
NARRATIVA;Chi ha paura del lupo cattivo;Cesare Musatti;Edizione CDE spa Milano;1987;CORRIDOIO;;
NARRATIVA;Anna di Green Gables;L.M. Montgomery;Mondadori Editore;1980;CORRIDOIO;;
NARRATIVA;Croce e delizia;Luciano De Crescenzo;Mondadori Editore;1993;CORRIDOIO;;
NARRATIVA;Vita;Melania G. Mazzucco;RCS Libri;2003;CORRIDOIO;;
NARRATIVA;La montagna blu;Meir Shalev;Frassinelli editore;2002;CORRIDOIO;;
NARRATIVA;Pazza;Claudia Reilly;Fabbri Editore;1987;CORRIDOIO;;
NARRATIVA;Piero di nessuno;Bruna Bigazzi;Cultura editrice;1974;CORRIDOIO;;
NARRATIVA;Treno senza ritorno;Bruna Bigazzi;Cultura editrice;1975;CORRIDOIO;;
NARRATIVA;Loro dell'Inca;Clive Cussler;Longanesi;1994;CORRIDOIO;;
NARRATIVA;Socrate;Luciano De Crescenzo;Mondadori Editore;1993;CORRIDOIO;;
NARRATIVA;La casa sul canale;George Simenon;Adeplphi Editore;2006;CORRIDOIO;;
NARRATIVA;Agostino;Alberto Moravia;Bompiani Editore;1988;CORRIDOIO;;
NARRATIVA;Maschere per un massacro;Paolo Rumiz;Feltrinelli;2011;CORRIDOIO;;
NARRATIVA;Le disavventure di Margaret;Cathleen Schine;Adeplphi Editore;1998;CORRIDOIO;;
NARRATIVA;Pellegrina e straniera;Marguerite Yourcenar;Einaudi Editore;1990;CORRIDOIO;;
NARRATIVA;Il tempo delle mele;Bresso-Thomson;Garzanti Editore;1983;CORRIDOIO;;
NARRATIVA;E duro campo di battglia il letto;Una Chi;Edizioni CDE;1994;CORRIDOIO;;
NARRATIVA;Sedicianni;Rosamond Du Jardin;Baldini & Castoldi;1953;CORRIDOIO;;
NARRATIVA;Qualcuno mi attende;Bruna Bigazzi;Giorgi & Gambi Firenze;1982;CORRIDOIO;;
NARRATIVA;Il quinto figlio;Doris Lessing;Feltrinelli;1988;CORRIDOIO;;
NARRATIVA;Pancreas;Giobbe Covatta;Salani Editore;1993;CORRIDOIO;;
NARRATIVA;Disonora il giusto, quello che hanno fatto a Muccioli;Davide Giacaloni;SEAM;1996;CORRIDOIO;;
NARRATIVA;Vita con Achille;Maria Bovoli;Grafica veneta;2006;CORRIDOIO;;
NARRATIVA;Cento e una poesia e frasi celebri;Vari;La spiga;1990;CORRIDOIO;;
NARRATIVA;I figli del duce;Antonio Spinosa;Rizzoli Editore;1989;CORRIDOIO;;
NARRATIVA;Oniria;Micheletti Maurizio;Streetlib;2002;CORRIDOIO;;
NARRATIVA;Oniria;Micheletti Maurizio;Streetlib;2020;CORRIDOIO;;
NARRATIVA;Avevo 12 anni;Sabine Dardenne;RCS Libri;2004;CORRIDOIO;;
NARRATIVA;E adesso che mi sono innamorato di te cosa facciamo?;David Viscott;Sonzogno;1989;CORRIDOIO;;
NARRATIVA;Viaggio allucinante;Isaac Asimov;Mondadori Editore;1977;CORRIDOIO;;
NARRATIVA;Utopia  ;Ythomas More;Feltrinelli;2019;CORRIDOIO;;
NARRATIVA;E' finito il nostro carnevale;Fabio Stassi;Grafica veneta;2015;CORRIDOIO;;
NARRATIVA;La scuola fa male;James Marcus Bach;Sperling;2009;CORRIDOIO;;
NARRATIVA;Il dizionario del diavolo;Ambrose Bierce;Baldini & Castoldi;2012;CORRIDOIO;;
NARRATIVA;Manoscritto trovato a Saragoza;Jan Potocki;Edizione CDE spa Milano;1990;CORRIDOIO;;
NARRATIVA;Quando il dolore bussa alla tua porta;Giovanni Marchioni;Grafiche Lama;2006;CORRIDOIO;;
NARRATIVA;Almoust blue;Carlo Lucarelli;Einaudi Editore;1997;CORRIDOIO;;
NARRATIVA;Ci vorrebbe tanta colla;Vari;Consiglio Regionale delle Marche;1996;CORRIDOIO;;
NARRATIVA;La Pasion de Gesu Crist cum è scrita ti quatre vangel;Tonucci-Bertini -Ciavaglia;Consiglio Regionale delle Marche;2019;CORRIDOIO;;
NARRATIVA;Il duello;David Grossman;Mondadori Editore;2007;CORRIDOIO;;
NARRATIVA;La storia racconta;Vari;AVO Garbagnate;2010;CORRIDOIO;;
NARRATIVA;L'ombra sfuggente del male;Marcello Mamini;Edizioni nuova Prhomos;2015;CORRIDOIO;;
NARRATIVA;Isabella e Gioacchino;Marcello Mamini;Edizioni nuova Prhomos;2013;CORRIDOIO;;
NARRATIVA;Amori ridicoli;Milan Kundera;Adeplphi Editore;1988;CORRIDOIO;;
NARRATIVA;La strada per Roma;Luc Vidal;Città nuova editrice;1972;CORRIDOIO;;
NARRATIVA;Vivere per raccontarla;Gabriel Garcia Marquez;Mondadori Editore;2002;CORRIDOIO;;
NARRATIVA;Cent'anni di solitudine;Gabriel Garcia Marquez;Oscar Mondadori;1988;CORRIDOIO;;
NARRATIVA;Shantaram;Gregory David Roberts;Neri Pozza editore;2011;CORRIDOIO;;
NARRATIVA;Senza pudore;Helen Walsh;Einaudi Editore;2005;CORRIDOIO;;
NARRATIVA;Elogio dell'amore vizioso;Remmert-Ragagnin;Marsilio Editore;2006;CORRIDOIO;;
NARRATIVA;Diversi ma uguali;vari;Arti grafiche pesaresi;2008;CORRIDOIO;;
NARRATIVA;L'incontinente bianco;Giobbe Covatta;Zelig Editore;2002;CORRIDOIO;;
NARRATIVA;Le avventure di Arsenio Lupin;Maurice Leblanc;Newton Compton Editori;2021;CAMERA L;;
NARRATIVA;Frankenstein;Mary Shelley;Demetra;2020;CAMERA L;;
NARRATIVA;Lo strano caso del Dr. Jekyl e Mr Hyde;Robert Louis Stevenson;Demetra;2020;CAMERA L;;
NARRATIVA;Origin;Dan Brown;Mondadori Editore;2017;CORRIDOIO;;
NARRATIVA;Crypto;Dan Brown;Mondadori Editore;2007;CORRIDOIO;;
NARRATIVA;Il simbolo perduto;Dan Brown;Mondadori Editore;2009;CORRIDOIO;;
NARRATIVA;L'anticristo e il giudizio finale;Georges Barbarin;Brancato;1991;CORRIDOIO;;
NARRATIVA;Orbital;Samantha Harvey;NN EDITORE;2024;CORRIDOIO;;
NARRATIVA;Fourth Wing;Rebecca Yarros;Sperling & Kupfer;2023;CORRIDOIO;;
NARRATIVA;Iron Flame;Rebecca Yarros;Sperling & Kupfer;2023;CORRIDOIO;;
NARRATIVA;Onix Storm;Rebecca Yarros;Sperling & Kupfer;2025;CORRIDOIO;;
NARRATIVA;Il direttore con la pistola;Ghego Bianchini;Edizioni del veliero;2002;CORRIDOIO;;
NARRATIVA;Il libro delle barzellette;Vari;Orsa maggiore;1992;CORRIDOIO;;
NARRATIVA;Moon;James Herbert;New english library;1985;CORRIDOIO;;
NARRATIVA;Il codice Da Vinci;Dan Brown;Mondadori Editore;2005;CORRIDOIO;;
NARRATIVA;L'ultima cospirazione;Steve Berry;Casa editrice nord;2006;CORRIDOIO;;
NARRATIVA;Angeli e demoni;Dan Brown;Mondadori Editore;2004;CORRIDOIO;;
NARRATIVA;Streghe storie e segreti;Tersilla Gatto Chanu;Newton;2001;CORRIDOIO;;
NARRATIVA;Inchiesta su Gesù;Corrado Augias;Mondadori Editore;2006;CORRIDOIO;;
NARRATIVA;Il valzer degli addii;Milan Kundera;Fabbri Editore;1976;CORRIDOIO;;
NARRATIVA;Il Novissimo Ippoliti della lingua italiana;Gianni Ippoliti;Edizioni mediterranee;1992;CORRIDOIO;;
NARRATIVA;Parola di Giobbe;Giobbe Covatta;Salani Editore;1991;CORRIDOIO;;
NARRATIVA;Le regole della libertà;Vari;Edizioni Nobili;1997;CORRIDOIO;;
NARRATIVA;Il secondo tragico Fantozzi;Paolo Villaggio;Rizzoli Editore;1980;CORRIDOIO;;
NARRATIVA;Stranalandia;Stefano Benni;Feltrinelli;2002;CORRIDOIO;;
NARRATIVA;Diario di Giulio;Stefano Bordiglioni;Edizioni EZ;2004;CORRIDOIO;;
NARRATIVA;Diario di Giulio;Stefano Bordiglioni;Edizioni EZ;2004;CORRIDOIO;;
NARRATIVA;La tigre viziosa;Sergio Antonelli;Mondadori Editore;1979;CORRIDOIO;;
NARRATIVA;Una cosa sublime;Attilio Zanichelli;Einaudi Editore;1982;CORRIDOIO;;
NARRATIVA;Leopardismo;Gilberto Lonardi;Sansoni editore;1974;CORRIDOIO;;
NARRATIVA;Il cane domestico;Bruno Bini;Siad Edizioni;1984;CORRIDOIO;;
NARRATIVA;I fantasmi del castello;Stefano Bordiglioni;Einaudi Editore;1997;CORRIDOIO;;
NARRATIVA;Cristo si è fermato a Eboli;Carlo Levi;Mondadori Editore;1976;CORRIDOIO;;
NARRATIVA;La mia vita da Geisha;Liza Dalby;Sperling;1983;CORRIDOIO;;
NARRATIVA;Uomini e topi;John Steinbeck;Bompiani;2009;CORRIDOIO;;
NARRATIVA;Perle;Gianmarco Perboni;Rizzoli Editore;2010;CORRIDOIO;;
NARRATIVA;Il libro degli auguri;Serenella Santarelli;De vecchi Editore;1993;CORRIDOIO;;
NARRATIVA;Il dizionario del sesso;Dolly;News Milano;1987;CORRIDOIO;;
NARRATIVA;Il dizionario dell'amore;Dolly;News Milano;1987;CORRIDOIO;;
NARRATIVA;Il dizionario del galateo;Dolly;News Milano;1987;CORRIDOIO;;
NARRATIVA;Diario segreto di Adrian Mole;Sue Townsend;Mondadori Editore;2012;CORRIDOIO;;
NARRATIVA;Il buio oltre la siepe;Harper Lee;Feltrinelli;2011;CORRIDOIO;;
NARRATIVA;L'albero delle mani;Ruth Rendell;Rizzoli Editore;1984;CORRIDOIO;;
NARRATIVA;Turisti responsabili dalle alpi alla Sicilia;Barruti-Pochettino;Terredimezzo editore;2008;CORRIDOIO;;
NARRATIVA;Inferno;Dan Brown;Mondadori Editore;2013;CORRIDOIO;;
NARRATIVA;Roba da gatti;Doreen Tovey;Longanesi;1988;CORRIDOIO;;
NARRATIVA;Il cardillo addolorato;Anna Maria Ortese;Adeplphi Editore;1993;CORRIDOIO;;
NARRATIVA;Briciole di saggezza;Vari;Edizioni Camilliane;2008;CORRIDOIO;;
NARRATIVA;Fare poesia;Chiara Carminati;Mondadori Editore;2002;CORRIDOIO;;
NARRATIVA;I henitori raccontano;Vari;A. Gandiglio;2007;CORRIDOIO;;
NARRATIVA;La parrocchia dei Cappuccini nel borgo Pantano;Pierpaolo Bellucci;Walter Staffoggia editore;2010;CORRIDOIO;;
NARRATIVA;Storie di animali;Franco Vegliani;Sellerio editore;1991;CORRIDOIO;;
NARRATIVA;Il profeta;Kahlil Gibran;Newton;2013;CORRIDOIO;;
NARRATIVA;Il libro delle domande;Gregory Stock;Mondadori Editore;1988;CORRIDOIO;;
NARRATIVA;Storia di una gabbianella e del gatto che le insegno a volare;Luis Sepùlveda;Edizione CDE spa Milano;1996;CORRIDOIO;;
NARRATIVA;La tazza e il bastone Storie Zen;Vari;Edizione CDE spa Milano;1983;CORRIDOIO;;
NARRATIVA;Reset all'inferno e ritorno;Marcello Mamini;Edizioni nuova Prhomos;2017;CORRIDOIO;;
NARRATIVA;La ragazza del treno;Paula Hawkins;Piemme Editore;2015;CORRIDOIO;;
NARRATIVA;Manuale del guerriero della luce;Paolo Coelho;La nave di Tesco;2021;CORRIDOIO;;
NARRATIVA;L'alchimista;Paolo Coelho;Bompiani;2010;CORRIDOIO;;
NARRATIVA;Ci vediamo al bar biturico;Paolo Doni;Ugo Guanda editore;2006;CORRIDOIO;;
NARRATIVA;The great Gatsby;Scott Fitzgerald;Litoprint;2007;CORRIDOIO;;
NARRATIVA;Il mondo nuovo Ritorno al mondo nuovo;Aldous Huxley;Mondadori Editore;2020;CAMERA L;;
NARRATIVA;Io Robot;Isaac Asimov;Mondadori Editore;2020;CAMERA L;;
NARRATIVA;Robin Hood;Alexandre Dumas;Newton Compton Editori;1994;CAMERA L;;
NARRATIVA;La fabbrica di cioccolato;Roald Dahl;Einaudi Editore;2009;CORRIDOIO;;
NARRATIVA;Quando i narcisi erano solo narcisi;Carla Ragni;Arti grafiche editoriali;2006;CORRIDOIO;;
NARRATIVA;Le brutte scienze;Vari;Salani Editore;2000;CORRIDOIO;;
NARRATIVA;Alice nel paese delle meraviglie;Lewis Carroll;Fratelli Melita Editori;1990;CORRIDOIO;;
NARRATIVA;Parole clandestine;Elisa Kidanè;Vicis;2008;CORRIDOIO;;
NARRATIVA;Come uomo sulla terra;Vari;Infinito edizioni;2009;CORRIDOIO;;
NARRATIVA;Ai giovani digli del pianeta;Vari;Sermis;2005;CORRIDOIO;;
NARRATIVA;Piccoli brividi il ritorno della mummia;R.L. Stine;Mondadori Editore;2002;CORRIDOIO;;
NARRATIVA;Piccoli brividi L'avventura del mostruoso blob;R.L. Stine;Mondadori Editore;2002;CORRIDOIO;;
NARRATIVA;Il piccolo principe;Antoine De Saint Exupery;Bompiani;2009;CORRIDOIO;;
NARRATIVA;Mondo Babonzo;Stefano Benni;Gallucci;2006;CORRIDOIO;;
NARRATIVA;Cipì;Mario Lodi;Einaudi Editore;2018;CORRIDOIO;;
NARRATIVA;Romeo e Giulietta si fidanzarono dal basso;Marcello D'Orta;Mondadori Editore;1993;CORRIDOIO;;
NARRATIVA;Il principe di Mari;Giuseppe Fuligni;Edizioni Nobili;1988;CORRIDOIO;;
NARRATIVA;Rivergination;Luciana Littizzetto;Mondadori Editore;2006;CORRIDOIO;;
NARRATIVA;Il libro di Tonino;Fabio Tombari;Fabbri Editore;1974;CORRIDOIO;;
NARRATIVA;Fiabe italiane;Italo Calvino;Einaudi Editore;2011;CORRIDOIO;;
NARRATIVA;Nessun luogo è lontano;Richard Bach;Rizzoli Editore;1990;CORRIDOIO;;
NARRATIVA;Chissà perché;Andrea Valente;Gallucci;2005;CORRIDOIO;;
NARRATIVA;Il gabbiano Jonathan Livingston;Richard Bach;Rizzoli Editore;1981;CORRIDOIO;;
NARRATIVA;Fra streghe e risate;Vari;Raffaello editrice;2007;CORRIDOIO;;
NARRATIVA;Mille colpi di cannone;Vari;Libreria editrice vaticana;1990;CORRIDOIO;;
NARRATIVA;Autoritratto di un reporter;Ryszard Kapuscinski;Feltrinelli;2008;CORRIDOIO;;
NARRATIVA;Storie in cerca di dignità;Matteo Donati;EMI;2013;CORRIDOIO;;
NARRATIVA;Imbarazzismi;Kossi Komla Ebri;Edizioni dell'Arco;2002;CORRIDOIO;;
NARRATIVA;Uno sguardo;Ghego Bianchini;Gabbiano;1997;CORRIDOIO;;
NARRATIVA;La corsa di Mon Cicì;Vari;Edizioni mondo a quadretti;2007;CORRIDOIO;;
NARRATIVA;Il nonno di Rossana;Sergio Lucchesi;Tutti i cuori di Rossana;2003;CORRIDOIO;;
NARRATIVA;Il trono di spade vol I;George R.R. Martin;Mondadori Editore;2015;CAMERA L;;
NARRATIVA;Il trono di spade vol II;George R.R. Martin;Mondadori Editore;2015;CAMERA L;;
NARRATIVA;Eccessi di politicamente corretto;Ghego Bianchini;I Libri Del Borghese;2023;CAMERA L;;
NARRATIVA;Il trono di spade vol III;George R.R. Martin;Mondadori Editore;2015;CAMERA L;;
NARRATIVA;Il trono di spade vol IV;George R.R. Martin;Mondadori Editore;2015;CAMERA L;;
NARRATIVA;Il trono di spade vol V;George R.R. Martin;Mondadori Editore;2015;CAMERA L;;
NARRATIVA;The Hard Thing about hard thing;Ben Horowitz;Harper;2017;CAMERA L;;
NARRATIVA;L'ombra dello scorpione;Stephen King;Bompiani;2017;CAMERA L;;
NARRATIVA;Nostri amici fa Frolix 8;Philip K. Dick;Fanucci Editore;2012;CAMERA L;;
NARRATIVA;Fiori per Algernon;Daniel Keyes;Tea biblioteca;2015;CAMERA L;;
NARRATIVA;Never let me go;Kazuo Ishiguro;Faber and faber;1990;CAMERA L;;
NARRATIVA;Norwegian Wood;Murakami;Einaudi Editore;2013;CAMERA L;;
NARRATIVA;Il buio oltre la siepe;Harper Lee;Feltrinelli;2017;CAMERA L;;
NARRATIVA;Prendi un'anima di anni sette;Umberto Bianchini;Walter Staffoggia editore;2004;CORRIDOIO;;
NARRATIVA;Bianco;Marco Missiroli;Le fenici;2012;CAMERA L;;
NARRATIVA;La formula segreta delle SS;Di Reda-Ermetes;Newton;2013;CAMERA L;;
NARRATIVA;2001 Odissea nello spazio;Arthur C. Clarke;Fanucci Editore;2020;CORRIDOIO;;
NATURA;Le più belle riserve naturali del Mondo;WWF;Mondadori Editore;1991;SALA;;
NATURA;La natura in Europa;Patrick Blandin;L'Airone Editrice;1992;SALA;;
NATURA;Rapporto terra;Edward Goldsmith;Gremese Editore;1988;SALA;;
NATURA;La testimonianza dei fossili;Giovanni Pinna;Le scienze;1988;SALA;;
NATURA;Il clima mondiale;Ottavio Vittori;Le scienze;1990;SALA;;
NATURA;Antartide;Reinold Messner;Garzanti Editore;1991;CORRIDOIO;;
NATURA;Oceano;Piero Angela-Lorenzo Pinna;Mondadori Editore;1981;CORRIDOIO;;
NATURA;Trekking;L. Baffioni Venturi;Calderini;1995;CORRIDOIO;;
NATURA;Il mondo della natura;vari;Mondadori Editore;1977;CORRIDOIO;;
NATURA;Il grande libro dei Dinosauri;Vari;De Agostini Editore;2000;CORRIDOIO;;
NATURA;Fossili;Walker-Ward;DK;1992;CAMERA L;;
NEUROSCIENZE;A thousand brains;Jeff Hawkins;Basic Book New York;2021;CAMERA L;;
POLITICA;La città condivisa;Girometti-Gualtieri;Metauro;2023;CORRIDOIO;;
POLITICA;Superbonus 110% tutta la verità;Agostino Santillo;Edizioni GFE;2023;CORRIDOIO;;
POLITICA;Un amore chiamato politica;Luigi Di Maio;Piemme Editore;2022;CORRIDOIO;;
PSICOLOGIA;Manuale di Psicologia generale;Luciano Mecacci;Giunti Editore;2003;CORRIDOIO;;
PSICOLOGIA;Storia della psicologia;Vari;Einaudi Editore;2001;CORRIDOIO;;
PSICOLOGIA;L'avvenire di un illusione ;Freud-Pfister;Boringhieri Editore;1999;CORRIDOIO;;
PSICOLOGIA;Introduzione alla psicoanalisi;Sigmund Freud;Edizione CDE spa Milano;1978;CORRIDOIO;;
PSICOLOGIA;Come interpretare gli scarabocchi;Crotti-Magni;Edizione CDE spa Milano;1996;CORRIDOIO;;
PSICOLOGIA;Lettera a dun adolescente;Vittorino Andreoli;Rizzoli Editore;2013;CORRIDOIO;;
PSICOLOGIA;Metodi e strumenti per la qualità dell'integrazione;Banzato-Mattioli;Maggioli editore;1992;CORRIDOIO;;
PSICOLOGIA;V come vergogna;Daniele Marini;Cittadella editrice;2010;CORRIDOIO;;
PSICOLOGIA;Schizofrenia;Mary Boyle;Casa editrice astrolabio;1994;CORRIDOIO;;
PSICOLOGIA;La psicoanalisi;Joseph D. Lichtenberg;Casa editrice astrolabio;1988;CORRIDOIO;;
PSICOLOGIA;La mia voce ti accompagna;Milton H. Erickson;Casa editrice astrolabio;1983;CORRIDOIO;;
PSICOLOGIA;Famiglia e servizio sociale;William Jordan;Casa editrice astrolabio;1973;CORRIDOIO;;
PSICOLOGIA;La mente in analisi;Ignazio Majore;Casa editrice astrolabio;2005;CORRIDOIO;;
PSICOLOGIA;Pragmatica della comunicazione umana;vari;Casa editrice astrolabio;1971;CORRIDOIO;;
PSICOLOGIA;La percezione;Rookes-Willson;Il Mulino;2000;CORRIDOIO;;
PSICOLOGIA;Le vostre zone erogene;Wayne W. Dyer;Rizzoli Editore;2004;CORRIDOIO;;
PSICOLOGIA;Cosa Dire?;Robert Buckman;Edizioni Camilliane;1990;CORRIDOIO;;
PSICOLOGIA;Introduzione alla psicologia generale;Vari;LED;2000;CORRIDOIO;;
PSICOLOGIA;Tutto il tempo che conta;Dorella Scarponi;CLUEB;2003;CORRIDOIO;;
RELIGIONE;Life La mia storia nella Storia;Papa Francesco;Harper Collins;2025;CORRIDOIO;;
RELIGIONE;Francesco Spera L'autobiografia;Papa Francesco;Mondadori Editore;2025;CORRIDOIO;;
RELIGIONE;Il Cantico dei Cantici;Bibbia;Einaudi Editore;1994;SALA;;
RELIGIONE;Padre Pio;A. Negrisolo;Edizioni San Paolo;1997;SALA;;
RELIGIONE;La Bibbia di Gerusalemme nuovo testamento;Vari;Centro editoriale Dehoniano;1990;SALA;;
RELIGIONE;La bibbia di Gerusalemme vecchio testamento vol I;Vari;Centro editoriale Dehoniano;1990;SALA;;
RELIGIONE;La bibbia di Gerusalemme vecchio testamento vol II;Vari;Centro editoriale Dehoniano;1990;SALA;;
RELIGIONE;Don Elia Bellobono;Carlo Colonna;Edizioni ADP;1997;SALA;;
RELIGIONE;Cristianesimo;Umberto Galimberti;Feltrinelli;2017;CORRIDOIO;;
RELIGIONE;Testo del Gongyo della Nichiren Shoshu;Vari;Nichiren Shoshu editori;1986;CORRIDOIO;;
RELIGIONE;Luce nell'ombra;Ghassan Al Zain;HBI edizioni;2008;CORRIDOIO;;
RELIGIONE;Traduzione del nuovo mondo delle sacre scritture;Vari;The new bible translation;1961;CORRIDOIO;;
RELIGIONE;Buddha;Vari;Newton;1992;CORRIDOIO;;
RELIGIONE;Evangelii Gaudium;Papa Francesco;San Paolo;2013;CORRIDOIO;;
RELIGIONE;Volti dell'anima russa;Natalino Valentini;Edizioni Paoline;2012;CORRIDOIO;;
RELIGIONE;Biblioteca di teologia contemporanea;Cataldo Zuccaro;Queriniaia;2017;CORRIDOIO;;
RELIGIONE;Chiamati a seguire l'agnello;Stefano Zamboni;EDB;2007;CORRIDOIO;;
RELIGIONE;Caritas in Veritate;Benedetto XVI;Libreria editrice vaticana;2009;CORRIDOIO;;
RELIGIONE;Spe Salvi;Benedetto XVI;Libreria editrice vaticana;2007;CORRIDOIO;;
RELIGIONE;Gaudete et exsultate;Papa Francesco;Libreria editrice vaticana;2018;CORRIDOIO;;
RELIGIONE;Deus caritas est;Benedetto XVI;Libreria editrice vaticana;2013;CORRIDOIO;;
RELIGIONE;Fides et ratio;Giovanni Paolo II;Edizioni Paoline;2008;CORRIDOIO;;
RELIGIONE;Gaudium et spes;Concilio vaticano II;Edizioni Paoline;2007;CORRIDOIO;;
RELIGIONE;Veritates splendor;Giovanni Paolo II;Edizioni Paoline;2008;CORRIDOIO;;
RELIGIONE;Modelli di religione civile;Marco Cangiotti;Morcelliana;2002;CORRIDOIO;;
RELIGIONE;Gaudete et exsultate;Papa Francesco;Libreria editrice vaticana;2018;CORRIDOIO;;
RELIGIONE;Le encicliche sociali;Vari;Edizioni Paoline;2004;CORRIDOIO;;
RELIGIONE;Dei verbum;Concilio vaticano II;Edizioni Paoline;2008;CORRIDOIO;;
RELIGIONE;Sacramentaria & sienze religiose;Vari;Quaderni di scienze religiose;2010;CORRIDOIO;;
RELIGIONE;Sui sentieri dell'essere;Adriano Alessi;Las Roma;2004;CORRIDOIO;;
RELIGIONE;Maria madre di Gesù;Stefano de Fiores;EDB Edizioni;1992;CORRIDOIO;;
RELIGIONE;Il pensiero occidentale dalle origini ad oggi vol II;Reale-Antiseri;Editrice la scuola;1983;CORRIDOIO;;
RELIGIONE;Il pensiero occidentale dalle origini ad oggi vol III;Reale-Antiseri;Editrice la scuola;1983;CORRIDOIO;;
RELIGIONE;Teologia morale fondamentale;Massimo Regini;Universita;2018;CORRIDOIO;;
RELIGIONE;Teologia fondamentale;Roberto Damiano Battaglia;Universita;2018;CORRIDOIO;;
RELIGIONE;Catechismo della chiesa cattolica;Vari;Libreria editrice vaticana;2010;CORRIDOIO;;
RELIGIONE;Preghiere quotidiane;Vari;Graphic linea;2006;CORRIDOIO;;
RELIGIONE;Compendio della dottrina sociale della chiesa;Vari;Libreria editrice vaticana;2005;CORRIDOIO;;
RELIGIONE;Teologia e libertà;Vari;Il lavoro editoriale;2019;CORRIDOIO;;
RELIGIONE;La bibbia di Gerusalemme;Vari;EDB Edizioni;2011;CORRIDOIO;;
RELIGIONE;Sulla tua parola;Vari;Shalom;2017;CORRIDOIO;;
RELIGIONE;Vita morale della fede in Gesù Cristo;Sergio Bastianel;San Paolo;2005;CORRIDOIO;;
RELIGIONE;La parola edifica la comunità;Carmelo Torcivia;Il pozzo di Giacobbe;2008;CORRIDOIO;;
RELIGIONE;Guida all'insegnamento della religione cattolica;Sergio Cicatelli;Editrice la scuola;2015;CORRIDOIO;;
RELIGIONE;L'anima con Dio;Vari;Desclee editore;1920;CORRIDOIO;;
RELIGIONE;Piccoli atei crescono;Franco Garelli;Il Mulino;2011;CORRIDOIO;;
RELIGIONE;Religione all'italiana;Franco Garelli;Il Mulino;2011;CORRIDOIO;;
RELIGIONE;Con acqua viva;Vari;Shalom;2017;CORRIDOIO;;
RELIGIONE;Tu sei un pensiero d'amore di Dio;Giovanni Marchioni;Centro culturale e. Manfredini;1996;CORRIDOIO;;
RELIGIONE;Parliamo d'amore;Giovanni Marchioni;Centro culturale e. Manfredini;2008;CORRIDOIO;;
RELIGIONE;La Sacra Bibbia;Vari;San Paolo;1976;CORRIDOIO;;
RELIGIONE;Lumen Fidei;Papa Francesco;San Paolo;2013;CORRIDOIO;;
RELIGIONE;Catechismo della chiesa cattolica;Vari;Libreria editrice vaticana;2005;CORRIDOIO;;
RELIGIONE;Riti che educano;Andrea Grillo;Cittadella editrice;2011;CORRIDOIO;;
RELIGIONE;Vangeli e atti degli apostoli;Vari;Agam;2008;CORRIDOIO;;
RELIGIONE;Il cristianesimo delle origini;Friedhelm Winkelmann;Il Mulino;2004;CORRIDOIO;;
RELIGIONE;Laudato Sì;Papa Francesco;Libreria editrice vaticana;2015;CORRIDOIO;;
RELIGIONE;Perché Dio Perché;Joyce Meyer;Edizioni mediterranee;2012;CORRIDOIO;;
RELIGIONE;Il discernimento di Dio;Massimo Serretti;Città nuova editrice;2003;CORRIDOIO;;
RELIGIONE;La colonna e il fondamento della vrità;Pavel A. Florensjij;Mimesis;2012;CORRIDOIO;;
RELIGIONE;I segni di Gesù;Enzo Bianchi;Libreria editrice vaticana;2018;CORRIDOIO;;
RELIGIONE;Storia della chiesa;Giacomo Martina;Morcelliana;2009;CORRIDOIO;;
RELIGIONE;Paolo;Jerome Murphy O'Connor;Libreria editrice vaticana;2008;CORRIDOIO;;
RELIGIONE;Il tirocinio formativo attivo dell'insegnamento;Vincenzo Annichiarico;Edizioni viverein;2014;CORRIDOIO;;
RELIGIONE;La mia piccola grande Bibbia;Vari;Edizioni il capitello;2015;CORRIDOIO;;
RELIGIONE;Il vangelo di Luca;Vari;Centro produzione;2017;CORRIDOIO;;
RELIGIONE;Per leggere il Nuovo Testamento;Etienne Charpentier;Borla;2005;CORRIDOIO;;
RELIGIONE;Parola del Signore Il Nuovo testamento;Vari;LDC ABU;1976;CORRIDOIO;;
RELIGIONE;Il Nuovo Testamento;Vari;LDC ABU;2005;CORRIDOIO;;
RELIGIONE;Il Nuovo Testamento;Vari;LDC ABU;2003;CORRIDOIO;;
RELIGIONE;Il Corano;Vari;Newton Compton Editori;2024;CORRIDOIO;;
RELIGIONE;Io avrò cura di te;Jorge Mario Bergoglio;Solferino;2023;CORRIDOIO;;
RELIGIONE;Vangelo e atti degli apostoli;Vari;Edizioni messaggero;1973;CORRIDOIO;;
RELIGIONE;Il Pentateuco, i 5 libri della Torà;Shemuel David Luzzato Shadal;WWW.TORAH.IT;2024;SALA;;
RELIGIONE;Il Vangelo  ;Vari;Edizioni messaggero;1980;CORRIDOIO;;
RELIGIONE;Vangeli e atti  ;Vari;Alleanza biblica universale;2006;CORRIDOIO;;
RELIGIONE;Corso di teologia sistematica vol I;Vari;EDB;2009;CORRIDOIO;;
RELIGIONE;The Dorè Bible illustration;Gustave Dorè;Hacchette;1864;CORRIDOIO;;
RELIGIONE;Corso di teologia sistematica vol II;Vari;EDB;2009;CORRIDOIO;;
RELIGIONE;Corso di teologia sistematica vol III;Vari;EDB;2009;CORRIDOIO;;
RELIGIONE;Religione e religioni;Sergio Bocchini;EDB;2003;CORRIDOIO;;
RELIGIONE;Alla scoperta della Bibbia Il nuovo Testamento;Vari;Editrice Piccoli;2010;CORRIDOIO;;
RELIGIONE;Alla scoperta della Bibbia L'antico Testamento;Vari;Editrice Piccoli;2010;CORRIDOIO;;
RELIGIONE;Se vuoi essere perfetto;Francesco D'Assisi;Theoria;2018;CORRIDOIO;;
RELIGIONE;Gesù di Nazaret dal battesimo alla trasfigurazione;Joseph Ratzinger;Rizzoli Editore;2007;CORRIDOIO;;
RELIGIONE;Madre teresa;Kathrin Spink;Piemme Editore;2007;CORRIDOIO;;
RELIGIONE;Gesù di Nazaret Dall'ingresso in Gerusalemme alla resurrezione;Joseph Ratzinger;Libreria editrice vaticana;2011;CORRIDOIO;;
RELIGIONE;Il miracolo delle piccole cose;Madre Teresa;Rizzoli Editore;2016;CORRIDOIO;;
RELIGIONE;Dio non produce scarti;Matteo Donati;EMI;2011;CORRIDOIO;;
RELIGIONE;Escatologia;Joseph Ratzinger;Cittadella editrice;2008;CORRIDOIO;;
RELIGIONE;Varcare la soglia della speranza;Giovanni Paolo II;Mondadori Editore;2011;CORRIDOIO;;
RELIGIONE;La Bibbia;Vari;Piemme Editore;2000;CAMERA L;;
RELIGIONE;Apocrifi dell'antico testamento Vol 1;Paolo Sacchi;UTET;2013;CORRIDOIO;;
RELIGIONE;Apocrifi del Nuovo testamento Vol 1;Luigi Moraldi;Tea biblioteca;1971;CAMERA L;;
RELIGIONE;Apocrifi del Nuovo testamento Vol 2;Luigi Moraldi;Unione tipografico editrice torinese;1971;CORRIDOIO;;
RELIGIONE;Messale romano;Vari;Fossati;1936;CAMERA L;;
RELIGIONE;Il libro di Enoch;Paolo Sacchi;UTET;2013;CORRIDOIO;;
RELIGIONE;E' saggio aspettare;Vari;;;CORRIDOIO;;
RELIGIONE;La Bibbia di Gerusalemme;Vari;EDB;1992;CAMERA L;;
SCUOLA;Tre in uno tascabili per la scuola;Moretti-Villa;Mursia;1993;CORRIDOIO;;
SCUOLA;Introduzione all'economia politica;Francesco Campanella;Hoepli Editore;1996;CORRIDOIO;;
SCUOLA;Storia della letteratura italiana;Francesco Desiderio;Signorelli Milano;1983;CORRIDOIO;;
SCUOLA;Word on the page;McRae-Pantaleoni;La nuova Italia editrice;1986;CORRIDOIO;;
SCUOLA;Storia della letteratura italiana vol I;Salinari-Ricci;La Terza Editore;1984;CORRIDOIO;;
SCUOLA;Storia della letteratura italiana vol II;Salinari-Ricci;La Terza Editore;1984;CORRIDOIO;;
SCUOLA;Storia della letteratura italiana vol III;Salinari-Ricci;La Terza Editore;1984;CORRIDOIO;;
SCUOLA;Storia della letteratura italiana vol IV;Salinari-Ricci;La Terza Editore;1984;CORRIDOIO;;
SCUOLA;Leggere in valigia;Vari;Theorema libri;2014;CORRIDOIO;;
SCUOLA;The wizard of Oz;Lyman Frank Baum;Edisco;2014;CORRIDOIO;;
SCUOLA;Dal primo giorno;Muller-Saviozzi;Giunti Editore;1994;CORRIDOIO;;
SCUOLA;Art Attack;Vari;Disney libri;2005;CORRIDOIO;;
SCUOLA;Meccanica agraria vol II;Giuseppe Pellizzi;Edagricole;1986;CORRIDOIO;;
SCUOLA;Meccanica agraria vol I;Giuseppe Pellizzi;Edagricole;1986;CORRIDOIO;;
SCUOLA;I primi voli;Camillo Bortolato;Erickson;2016;CORRIDOIO;;
SCUOLA;Sguardi oltre le solite prospettive;Giulio De Vivo;Amazon Italia;2024;CORRIDOIO;;
SOCIOLOGIA;Fondamenti di sociologia;Anthony Giddens;Il Mulino;2001;CORRIDOIO;;
SOCIOLOGIA;Incontro con la sociologia;Alessandro cavalli;Il Mulino;2016;CORRIDOIO;;
SOCIOLOGIA;Montesquie e l'origine della scienza sociale;Sergio Landucci;Sansoni editore;1973;CORRIDOIO;;
SPORT;Kung fu Shaolin;Vari;Edizioni mediterranee;1993;CORRIDOIO;;
STORIA;Egitto moderno e antico;Achille Voglianò;Amedeo Nicola & C.;1941;SALA;;
STORIA;Dieci ragazzi a Tien An Men;Ilario Fiore;Edizioni Rai;1989;SALA;;
STORIA;Fra storia e ricordi;Virgilio Benvenuti;L'Italcolor Pesaro;2018;CORRIDOIO;;
STORIA;Il segreto dei geroglifici;Christian Jacq;Piemme Editore;1997;SALA;;
STORIA;Pesaresi in cerca di memoria e futuro;Stefano Giampaoli;Rivierabanca;2023;CORRIDOIO;;
STORIA;Storia dell'antico Egitto;Nicolas Grimal;Edizione CDE spa Milano;1998;SALA;;
STORIA;Geroglifici Svelati;Christian Sturtewagen;Editrice Effelle;1987;SALA;;
STORIA;Dall'Istria a Pesaro;Pierluigi Cuccitto;Studi pesaresi/Asterischi;2023;CORRIDOIO;;
STORIA;Tutankhamen il faraone dimenticato;Philipp Vandenberg;Edizione CDE spa Milano;1991;SALA;;
STORIA;Cleopatra;;RBA Italia srl;2021;CORRIDOIO;;
STORIA;La vendetta dei faraoni;Yves Naud;Fratelli Melita Editori;1990;SALA;;
STORIA;La scoperta di Troia;Heinrich Schliemann;Giulo Einaudi Editore;1995;CORRIDOIO;;
STORIA;Il mondo magico dei Rosacroce;Max Heindel;Fratelli Melita Editori;1989;SALA;;
STORIA;L'insegnamento del saggio egizio Ptahhotep;Christian Jacq;Mondadori Editore;1998;SALA;;
STORIA;Il libro dei morti degli antichi egizi;Papiri D'Ani;Fratelli Melita Editori;1990;SALA;;
STORIA;Il duce proibito;Mimmo Franzinelli;Mondadori Editore;2003;SALA;;
STORIA;La grande enciclopedia dei miti e delle leggende;Arthur Cotterel;RCS Libri;1989;SALA;;
STORIA;Akhenaton il faraone del sole;Cyril Aldred;Newton;1979;SALA;;
STORIA;Il libro delle piramidi;C.W. Ceram;Einaudi Editore;1989;SALA;;
STORIA;I faraoni;Peter A. Clayton;Mondadori Editore;1994;SALA;;
STORIA;Corso Di Geroglifico10;Grandet-Mathieu;Seneca;1997;SALA;;
STORIA;Le profezie delle piramidi;Max Toth;Edizione CDE spa Milano;1989;SALA;;
STORIA;Atlantide l'ottavo continente;Charles Berlitz;Edizione CDE spa Milano;1987;SALA;;
STORIA;Il santo Graal;Vari;Mondadori Editore;1982;SALA;;
STORIA;Pesaro nell'antichità;Vari;cassa di risparmio di Pesaro;1984;SALA;;
STORIA;Storia universale L'antico Egitto;Vari;RCS Libri;2004;SALA;;
STORIA;I papi;Claudio Rendina;Newton;2005;SALA;;
STORIA;Indagine sul Santo Graal;Jessie L. Weston;Sellerio editore;1994;CORRIDOIO;;
STORIA;I Savoia re d'Italia;Denis Mack Smith;Rizzoli Editore;1990;CORRIDOIO;;
STORIA;I figli di Lucy;Johanson-Shreeve;Mondadori Editore;1989;CORRIDOIO;;
STORIA;La Repubblica di Mussolini;Giorgio Bocca;Mondadori Editore;1994;CORRIDOIO;;
STORIA;Il Medoevo;Georges Duby;Edizione CDE spa Milano;1987;CORRIDOIO;;
STORIA;Vita di Domenico Malatesta;Michele Andrea Pistocchi;Cassa di risparmio di Cesena;2008;CORRIDOIO;;
STORIA;La storia. Dalla preistoria all'antico Egitto;Vari;Mondadori Editore;2007;CORRIDOIO;;
STORIA;Sapiens Da animali a Dei BREVE STORIA DELL'UMANITA';Yuval Noah Harari;Bompiani Editore;2014;CORRIDOIO;;
STORIA;A Little History of the World;E.H. Gombrich;Yale University Press;2005;CORRIDOIO;;
STORIA;Giudizi e pensieri;Napoleone;Mondadori Editore;1965;CORRIDOIO;;
STORIA;Secondo Millennio Vol III;Antonio Desideri;Casa Editrice G. D'Anna;1983;CORRIDOIO;;
STORIA;Secondo Millennio Vol II;Antonio Desideri;Casa Editrice G. D'Anna;1983;CORRIDOIO;;
STORIA;Secondo Millennio Vol I;Antonio Desideri;Casa Editrice G. D'Anna;1983;CORRIDOIO;;
STORIA;Dal mito alla storia;Verra-Bacchielli;Paravia;1969;CORRIDOIO;;
STORIA;Il santo Graal;Franco Cardini;Giunti Editore;1997;CORRIDOIO;;
STORIA;Guida ai viaggi nell'Europa del 1492;Lorenzo Camusso;Mondadori Editore;1990;CORRIDOIO;;
STORIA;Il mistero del Graal;Julius Evola;Edizioni mediterranee;1989;CORRIDOIO;;
STORIA;DUCE ecco i diari del mistero;Vari;Epoca edizioni;1994;CORRIDOIO;;
STORIA;Cavie umane dei lager nazisti;Philippe Aziz;Fratelli Melita Editori;1988;CORRIDOIO;;
STORIA;I medici dei lager vol 1;Philippe Aziz;Edizioni Ferni;1975;CORRIDOIO;;
STORIA;I medici dei lager vol 2;Philippe Aziz;Edizioni Ferni;1975;CORRIDOIO;;
STORIA;I medici dei lager vol 3;Philippe Aziz;Edizioni Ferni;1975;CORRIDOIO;;
STORIA;Studia Oliveriana;Vari;Il lavoro editoriale;2017;CORRIDOIO;;
STORIA;Storia romana;Geraci-Marcone;Le Monnier;2020;CORRIDOIO;;
STORIA;Dall'Oliveriana;Brunella Paolini;Il lavoro editoriale;2016;CORRIDOIO;;
STORIA;Fra oriente e occidente vol I;Antonio Brancati;La nuova Italia editrice;1973;CORRIDOIO;;
STORIA;Fra oriente e occidente vol II;Antonio Brancati;La nuova Italia editrice;1980;CORRIDOIO;;
TECNICA;Nuovo Manuale degli esami di elettrotecnica;Vari;Ediradio srl;2007;CORRIDOIO;;
TOPOGRAFIA;Topografia;Alberto Del Gaudio;Edagricole;1982;CORRIDOIO;;
TOPOGRAFIA;Elementi di costruzioni rurali;Vari;Edagricole;1983;CORRIDOIO;;
ZOOLOGIA;Squali;Sconosciuto;Mondadori Editore;1998;SALA;;
ZOOLOGIA;Uccelli;Sconosciuto;Mondadori Editore;1999;SALA;;
ZOOLOGIA;Cani;Sconosciuto;Mondadori Editore;1998;SALA;;
ZOOLOGIA;Il canto delle balene;Jeremy Cherfas;Edizione CDE spa Milano;1988;SALA;;
ZOOLOGIA;Quando gli elefanti piangono;Jeffrey Moussaieff Masson;Edizione CDE spa Milano;1997;SALA;;
ZOOLOGIA;Acquario marino;Erva Pineri;Edizioni acquario di Bologna;1970;SALA;;
ZOOLOGIA;Il grande libro dei pappagalli e papagallini;Elisabetta Gismondi;De vecchi Editore;1990;SALA;;
ZOOLOGIA;Il grande libro delle tartarughe e tartarughine;Vincenzo Ferri;De vecchi Editore;1990;SALA;;
ZOOLOGIA;Il cane tutti i perché;Desmond Morris;Mondadori Editore;1989;SALA;;
ZOOLOGIA;Zoologia;Storer-Usinger-Stebbins;Zanichelli Editore;1990;SALA;;
ZOOLOGIA;Il comportamento sociale degli animali;Niko Tinbergen;Einaudi Editore;1991;SALA;;
ZOOLOGIA;I primati;Elisabetta Visalberghi;Le scienze;1989;SALA;;
ZOOLOGIA;Rettili;Vari;Mondadori Editore;1998;SALA;;
ZOOLOGIA;Fondamenti di produzione animale;Vari;Liviana Editrice;1985;SALA;;
ZOOLOGIA;Tavole di zoologia;Vari;Giunti Editore;1967;SALA;;
ZOOLOGIA;L'acquario di acqua dolce;Vari;Bietti;1974;SALA;;
ZOOLOGIA;Zoologia;Storer-Usinger-Stebbins;Zanichelli Editore;1990;SALA;;
ZOOLOGIA;Zoognostica;Vari;Edagricole;1984;CORRIDOIO;;
ZOOLOGIA;Le tartarughe e il camaleonte;Vari;Mondadori Editore;1989;CORRIDOIO;;
ZOOLOGIA;Insetti d'Italia;Vari;Giunti Editore;1974;CORRIDOIO;;
ZOOLOGIA;Coleotteri;Vari;Giunti Editore;1974;CORRIDOIO;;
ZOOLOGIA;Cani;Vari;De Agostini Editore;1980;CORRIDOIO;;
ZOOLOGIA;Conoscere i tisanotteri;Rita Marullo;Edagricole;2003;CORRIDOIO;;
ZOOLOGIA;Le tartarughe  ;H. De Jong;Primaris;1979;CORRIDOIO;;
ZOOLOGIA;Anatomia e fisiologia degli animali domestici;Alba Veggetti;Edagricole;1982;CORRIDOIO;;
ZOOLOGIA;Enciclopedia degli animali;Vari;Mondadori Editore;2002;CAMERA L;;
ZOOLOGIA;Farfalle e falene;David Carter;DK;1999;CAMERA L;;
ZOOLOGIA;Rettili e anfibi;O'Shea-Halliday;DK;2001;CAMERA L;;
ZOOLOGIA;Uccelli del mondo;Harrison-Greensmith;DK;1994;CAMERA L;;
ZOOLOGIA;Mammiferi;Jiuliet Clutton Brock;DK;2002;CAMERA L;;
ZOOLOGIA;I mammiferi;Karl Schwammberger;Franco Muzzio Editore;1985;CAMERA L;;
ZOOLOGIA;Guida dei mammiferi d'Europa;Corbet-Ovenden;Franco Muzzio Editore;1985;CAMERA L;;
